105981,6,-1.7616267,1.287983
151721,10,-0.95144796,-2.2411304
210447,8,-6.806578,4.130026
247827,4,-2.8541768,-7.604876
291340,3,-4.5135784,0.3993984
308707,5,-8.386237,4.1296167
329031,2,-8.809889,3.569557
376005,9,-1.0139078,-2.1304102
381335,1,6.798778,3.6780264
418328,10,-1.2742581,0.014801492
457077,3,-3.2396047,-4.8499846
460575,8,-5.2938194,2.7456832
462112,1,7.1247716,3.8562598
516262,7,-3.9681654,-0.0042988122
611197,2,-3.080664,-7.507657
642425,5,-2.5080545,1.3308363
686012,1,-5.5453353,0.6014712
722832,1,-2.6235216,-7.8201313
761101,11,9.090433,5.314898
765260,8,-1.0886289,-0.8159773
818354,7,-0.5898961,1.333796
845367,12,-3.7264652,4.957107
851110,2,-3.4433994,-5.2897563
856108,9,0.45955285,-0.7391024
865474,8,-1.1586375,-2.4776022
1022754,4,-2.8071768,1.5202374
1091952,4,-5.57867,-0.020547826
1116170,11,8.577157,4.166378
1220123,9,-0.18580256,-1.856355
1221320,10,-1.2798058,0.46353275
1281732,4,-5.985501,3.6841493
1343219,2,-10.018141,4.2256093
1374138,3,-7.050126,4.0120387
1426470,2,-5.6112266,0.61875343
1501284,10,-1.0875301,0.7215134
1513313,6,-5.741007,2.939246
1545117,10,-2.2066827,-2.8885596
1626689,12,-2.3116083,5.630862
1634000,8,-5.6289062,3.8555894
1664730,12,-3.3837173,5.4085474
1671839,10,-1.110178,0.61182123
1677747,5,-1.9033275,1.5280789
1725895,2,-8.732384,4.347643
1764942,10,-0.52583337,1.387275
1779933,2,-5.960252,0.3861786
1785619,3,-5.5417175,0.0465861
1801705,2,-2.7449546,-7.4404855
1918334,6,-2.4217572,-6.091154
2012629,12,-0.5429319,-2.9188557
2012852,7,-3.589049,-0.14337464
2022820,3,-8.265586,3.2941957
2150348,6,-2.319645,-5.8889556
2217968,4,-5.015303,-0.32607397
2246672,12,-3.7179792,4.8534913
2254399,8,-4.538512,4.034517
2279471,10,-1.0616275,1.0694457
2294854,1,-9.128099,4.170822
2392926,9,-0.88395643,1.4336596
2404551,10,-1.1101161,-1.9782212
2427822,9,-0.3160075,-3.164475
2452376,2,-2.5333164,-7.0708714
2475671,2,-3.0145006,-4.9222507
2531076,5,-4.8821297,-0.3239085
2547384,5,-4.992427,-0.29256356
2578500,6,-4.59783,-0.361284
2597666,6,-7.0561733,3.6399937
2599543,3,-3.2636912,-6.3188405
2602919,2,-3.2273507,1.5458078
2686650,2,-9.746966,4.305722
2718469,5,-7.104054,3.128942
2741104,8,-2.9983685,0.045436654
2767863,12,0.41226637,-2.05525
2780548,7,-2.3240657,-3.4057913
2804463,7,-5.594894,3.4694438
2825084,9,-5.39766,4.0532327
2826907,4,-8.30549,3.4315152
2907560,7,-1.6192755,0.94015455
2933360,3,-3.2395442,1.2164099
2942237,8,-1.3625877,0.7691867
2956187,11,0.58463013,-0.9529895
2999101,7,-6.504232,3.842564
3040807,3,-3.2799354,-7.0527687
3101347,1,-9.841574,4.3782983
3140133,2,0.6383337,-5.47465
3149391,6,-3.0971804,0.5064313
3171522,11,-0.16508135,-2.4499736
3196037,5,-7.227824,3.065612
3263206,8,-5.6740017,4.833557
3263596,3,-1.9385941,-1.7371312
3326690,3,-9.465906,4.427429
3413819,5,-2.0762482,1.3264803
3439177,11,-0.46175537,1.6083065
3455498,3,-3.552192,-5.2225018
3500042,11,-1.4109797,1.8062757
3501582,8,-1.0100383,0.8380593
3560148,4,-2.5570161,-4.897422
3610127,5,-4.9541717,-0.13622124
3643993,10,-1.0587885,0.80494815
3650614,5,-2.557387,-4.3110127
3650830,8,-1.8443004,0.8376123
3696641,7,-0.79691255,1.5419805
3716759,11,-3.7640646,5.2980103
3718633,6,-7.1710196,3.368627
3742320,5,-5.8686013,3.1438725
3754777,12,0.47520855,-1.2396214
3792284,12,-3.7350771,5.0075274
3833318,4,-2.8856313,-4.1795106
3835756,1,-2.467042,-7.709941
3868862,1,-3.209479,1.4034325
3877771,5,-3.0747912,0.5490965
3986618,3,-8.941537,3.5228214
3992834,11,-0.099174075,-2.3250885
4003372,4,-0.3698445,-3.2897673
4012448,12,-0.24766803,-2.6183245
4061318,1,-6.6465387,0.23754549
4062356,10,-5.6943755,4.8785205
4124267,2,-6.5579047,0.2519447
4150923,8,-5.748001,3.72244
4192674,10,-5.7161007,4.7145534
4216609,8,-4.9105835,3.8708801
4228545,4,-1.8634431,-2.861189
4286208,7,-4.9168844,3.9191854
4302736,4,-5.7102275,-0.16191445
4346805,7,-1.793403,-4.7910004
4445673,6,-2.5156748,-5.046364
4468785,5,-2.9149592,0.8078581
4501313,9,-6.008591,3.437937
4513527,7,-3.7136536,5.376833
4535850,2,-9.779808,4.2247586
4549011,9,-2.0821724,0.17770386
4549189,5,-2.5585155,-5.364523
4551698,3,-3.248478,-6.977757
4569082,7,-2.8762321,0.38805273
4614929,1,-10.131232,4.0934324
4667971,4,-3.6047559,0.9367946
4692394,7,-1.2753154,1.2469915
4718076,5,-3.38992,0.56042576
162755,4,-7.981748,3.0500984
280419,10,-2.1727145,-3.3896875
283876,8,-1.5615835,0.7106473
305282,1,-2.6766284,-7.333069
381017,2,-9.343474,4.5764785
388113,8,-1.1790525,1.0759215
415188,7,-6.371332,3.0447927
425065,1,-6.780534,0.3161806
479055,3,-2.3172588,1.5594709
513327,1,-6.3087516,0.49907333
529065,5,-2.0903058,1.4641515
549370,9,-0.8429461,-3.659654
624773,1,-3.763076,1.2022883
658369,2,-6.37212,3.141664
661092,12,-0.08175812,-2.39708
668754,3,-3.1465406,-7.2997704
678530,12,0.27854392,-3.2357633
699848,4,-7.317145,3.7250316
751154,1,-3.5086882,1.2384322
790884,5,-3.3274832,-5.187986
801308,1,-9.905763,4.2128386
830995,8,-1.4170119,0.7128025
871238,11,-0.87496805,-2.3317783
906998,12,0.89286786,-0.38166186
942737,4,-5.503259,0.20737125
942743,8,-5.721615,4.3371058
946805,2,-7.61539,3.5452988
1032459,2,-5.8411074,1.8300693
1060363,5,-2.0865123,-6.6013503
1064776,2,-7.412105,3.6431384
1072678,7,-1.7518106,-2.0413673
1120364,7,-1.6814024,1.2683798
1170555,1,-9.331274,4.3480773
1182476,8,-1.3942777,-2.7089117
1232318,12,0.008283588,-2.4672296
1233801,3,-5.5859814,0.0424443
1234173,12,-2.3683922,5.671711
1249423,7,-3.6555698,-0.032743648
1368034,9,-0.88091,0.6013317
1373930,8,-1.2542665,-0.53332573
1394709,7,-4.14321,0.13048242
1398545,2,-6.6932635,0.26935342
1415894,1,-9.751941,4.6215963
1467981,4,-5.555471,-0.07835112
1503924,9,-5.633536,4.6330934
1509152,9,-1.9228692,0.14514896
1526680,3,-2.8602278,-7.5248365
1558312,3,-2.6578503,-7.1695547
1576721,5,-3.2197711,0.63992286
1685808,7,-3.3860116,-0.03556983
1686981,5,-3.364821,-5.7850842
1774216,2,-6.6876287,0.36201644
1821339,9,-4.910058,3.640414
1900161,11,-0.20631753,1.6060545
1959308,6,-1.8968583,-6.4994106
1995624,12,0.5071829,-3.6018806
2034602,11,-4.043863,4.4753137
2061976,5,-2.8759484,-4.6719737
2095661,5,-4.911793,-0.30871862
2124937,7,-6.5883613,3.5302866
2174257,6,-7.1053553,3.527264
2205326,8,-7.061863,3.7965038
2263533,1,-6.010393,2.581831
2265890,5,-3.274582,0.6527565
2318283,5,-3.1055944,-5.405264
2390096,5,-3.2001731,0.6762712
2487779,11,-3.851676,4.6066413
2527831,4,-7.412181,3.5475838
2736802,8,-6.807456,3.3343012
2739900,4,-4.5051947,0.3312206
2740152,4,-8.287982,4.1957164
2753730,5,-7.6460166,3.2046025
2768326,12,-3.5979803,5.3248653
2768427,3,-6.189547,-0.035853498
2803449,7,-6.1393094,3.5010977
2909918,6,-1.942617,-4.370865
3048559,1,-9.740071,4.14269
3085262,4,-9.387839,4.51971
3156717,6,-8.08141,3.8331175
3188822,10,-1.0676192,0.73096365
3383807,8,-5.7664437,4.8593183
3402280,5,-4.9966593,-0.3720218
3421019,7,-1.0626457,-0.25495058
3542208,7,-1.7091845,-1.949442
3578252,12,0.3182792,-3.5975182
3582772,11,8.243692,4.8047814
3586088,1,-9.822741,4.3121786
3715256,1,-4.531151,1.1378493
3730106,8,-3.0775692,0.025507448
3755575,2,-1.7973449,-7.340969
3764555,1,-5.6076074,0.59533405
3859980,12,9.612501,3.6810632
3873610,10,-0.25464377,-2.243232
3923382,10,-0.17637664,-2.2691681
3955298,9,-3.5626082,5.2604823
4015896,9,-5.5715375,3.422043
4088639,12,0.7522369,-0.79997855
4088779,3,-8.5791235,3.2039995
37301,6,-8.302693,3.4890594
54977,6,-7.4923453,3.574851
60467,6,-2.6977105,-6.66918
102855,4,-5.1049643,-0.2029358
556,9,-5.5303607,4.951192
36761,6,-8.557512,3.3431711
50697,6,-4.423414,-0.36261806
54073,2,-2.3095655,-6.564075
73357,2,-9.691412,4.544253
150521,5,-2.9050922,-6.7097154
156440,4,-3.1125977,-6.2008047
174455,6,-2.3415236,0.32871124
182988,3,-8.991366,3.8886256
384039,8,-1.3525118,-1.7759519
409489,8,-1.184984,1.4417429
423612,6,-2.6533911,-3.882354
498452,5,-7.269707,4.0814385
543049,4,-2.5645165,1.3843833
552719,1,-2.976603,-7.5974865
597490,1,-2.5229585,-7.0964446
633366,5,-2.2612867,-6.6195974
673014,1,-3.0236132,-4.8288984
700877,1,-6.5737705,0.35022375
781457,6,-6.9385324,3.5819318
783627,11,-0.36314455,-2.3846006
850843,10,-1.2391249,-3.5145347
889665,8,-0.77044743,-3.6757991
897851,7,-2.3793793,-4.5964365
911869,1,-3.249939,-6.468403
934913,8,-1.7670494,-2.719316
1004784,7,-2.5655055,-3.7513711
1147075,11,-5.4977207,4.783477
1184455,8,-5.667865,4.8607974
1281176,11,-0.38812786,1.3359329
1331296,4,-6.3781843,3.0249128
1335988,4,-3.763407,0.60210323
1461660,8,-5.2512455,3.1579976
1570785,3,-2.698857,-6.399366
1603970,1,-3.132929,-7.5820503
1613974,1,-9.844246,4.225985
1686011,6,-8.3258705,3.5215063
1686534,5,-3.2582724,-5.722305
1765950,2,-8.854391,3.5934498
1776118,2,-3.7479186,1.1540874
1816828,3,-6.122252,0.04803413
1817339,2,-2.9555643,-3.1865885
1830089,3,-5.7479234,0.11312833
1870910,9,-1.2672648,0.6111836
1937402,11,-3.837359,4.6402173
1946229,9,-5.8556213,4.2332015
2057154,6,-2.298844,0.6192949
2158392,8,-2.4723532,-3.5006363
2160405,6,-2.367124,-5.992867
2178072,12,1.0423741,-0.43105796
2181665,3,-2.24042,-6.2508755
2198401,4,-4.70151,0.5663388
2225253,11,-0.33386505,1.6937443
2240026,2,-6.06492,2.3762877
2357743,5,-1.8720268,-3.2401073
2388215,6,-5.5749326,2.8021178
2390588,3,-2.8079681,1.5830152
2443407,1,-6.7207637,0.31515223
2520618,1,-5.948331,0.074876435
2521710,6,-3.2573874,0.4544247
2545329,3,-7.1515856,2.9967341
2607949,7,-2.6071799,-3.5433407
2658329,12,0.16868265,-2.690863
2683193,2,-8.509565,3.4182043
2757987,9,8.252657,4.660068
2774946,5,-5.0167184,-0.21438238
2789685,1,-8.640541,3.7399368
2795663,3,-7.139292,3.2761009
2833303,5,-8.129194,4.1474357
2836243,2,-8.9832945,4.1203704
2850358,11,0.44508597,-0.7157897
2853794,6,-5.8649707,3.1174912
2884829,1,-9.744826,4.2133913
2901527,7,-3.970148,-0.31091505
2906860,11,0.7405538,-0.80039424
2928417,6,-2.6235518,0.34283733
2944932,5,-5.778138,2.5623164
2952452,3,-8.766323,4.313668
2987195,4,-7.4730124,3.8744552
3002205,7,-5.5246143,3.132726
3008791,6,-4.532273,3.9536579
3046016,11,-0.9508521,-4.458951
3133942,12,-4.1499085,4.5017967
3201989,6,-1.5605385,-3.5549521
3270218,6,-2.4858878,-2.2269752
3309256,4,-5.075338,-0.38967133
3445183,4,-8.2684145,4.1489425
3475159,4,-8.770148,3.4208264
3556055,2,-9.27123,3.6339684
3571687,11,-5.7785177,4.2318234
3578120,6,-2.6401563,-3.6608331
3585329,12,-3.905578,4.594135
3677091,4,-3.3890834,-6.593034
3688243,1,-9.152949,3.5901275
3706907,8,-5.5841584,3.919945
3736009,5,-2.3765755,-5.98055
3774971,2,-6.2036576,0.46357346
3801509,2,-2.3990388,-7.738891
3822903,2,-3.0307705,-6.1143126
3897548,7,-2.872729,-4.9716425
3899902,10,-5.5734463,4.9542685
3992133,9,-0.6026242,-2.385047
4009850,11,-5.8579483,4.7904315
4053999,5,-2.6386573,1.422031
4069220,8,-6.360204,3.9269068
4157752,3,-3.4987922,-6.4266105
4205078,7,-5.594497,3.2380118
55988,5,-2.7769399,1.1936212
74410,4,-9.521356,4.5589466
178942,8,-1.7193204,0.29998124
184099,12,8.820826,4.9512815
233327,2,-3.7810106,1.340055
244960,4,-2.804611,1.4939989
368050,3,-6.4141145,0.20094347
436275,11,-3.6829972,5.050148
449858,11,-0.39108267,-2.1996474
475746,5,-4.7619786,-0.0010990459
487469,12,0.6932429,-0.76997447
505429,2,-2.8957345,1.7061801
526136,11,-3.6305258,4.206368
611145,11,-3.0428047,5.052313
617667,3,-6.6174765,0.24005987
629745,10,-3.463676,5.1851573
657171,10,-0.52007836,-3.351681
679702,7,-2.4112601,-4.816225
702212,5,-8.777701,3.8568285
704645,9,-0.3235418,-2.2409549
714205,6,-1.9504654,-2.887654
733750,4,-8.263865,3.9866643
775636,1,-2.4206574,-6.837583
786776,2,-8.254772,3.280737
832788,4,-2.4859476,-6.5632734
856833,9,-1.8517616,0.009198701
871551,2,-6.3301387,0.57109165
879170,6,-5.304397,2.6272204
953834,1,-9.522198,4.4667377
1004911,5,-4.652927,0.013671553
1008231,8,-2.9454951,0.08319941
1087517,3,-3.8648107,0.9804577
1137219,10,-4.110628,4.3438897
1146364,10,0.65861577,-0.87984395
1152393,10,-1.3599889,-4.7377353
1301622,10,-1.510994,-4.0461206
1302803,11,8.625161,4.537423
1489931,8,-7.5746713,3.8206706
1548221,10,-0.73722154,1.7044063
1582270,4,-1.3587636,-2.6612895
1624601,8,-0.7911432,-3.7068408
1672391,2,-2.8682241,-6.581349
1675253,5,-1.4171677,1.4552323
1694048,9,-0.14625473,-2.327628
1714031,4,-2.514354,-5.1973786
1732116,1,-5.6285887,0.6295664
1750939,1,-2.328161,-7.794681
1837232,7,-1.7334192,1.4159412
1854053,1,-6.843435,0.36598316
1860744,10,-3.5416744,5.2501206
1873357,3,-5.7728424,0.079268254
1879316,2,-9.183717,3.556154
1892054,10,-5.680708,4.846597
1919726,10,-5.4764338,4.394575
1932864,5,-7.86248,3.6954203
2039207,4,-3.8925831,0.708518
2129863,1,-9.627007,4.630434
2181582,11,-5.7018247,4.3649564
2203855,5,-1.9784874,-4.303988
2282575,3,-9.020419,3.7274368
2302044,7,-1.1580311,-1.3549392
2334888,6,-3.104878,0.57211244
2376185,7,-1.5029023,1.3084577
2395648,2,-6.5527525,0.30047634
2462955,11,-0.17313384,-2.2629235
2488245,6,-4.6195984,-0.48022896
2505233,11,-5.5475492,4.60608
2564690,7,-2.2103431,-1.9211662
2712104,1,-3.4131808,-6.842147
2718346,2,-6.658416,0.40266532
2765816,1,-2.7213926,-3.2449427
2823261,2,-9.777476,3.9207535
2858286,3,-6.1050744,0.12590343
2858676,5,-2.1767051,1.4215249
2903149,7,-3.231351,0.013467923
2913343,4,-7.1232953,2.6510925
2916161,1,-9.918571,4.2660995
2918519,2,-5.625584,-0.3500773
2920943,2,-2.879552,1.466163
2934954,4,-5.549769,0.061950322
2965107,11,-1.1542395,0.14063984
2971942,7,-1.5533887,-3.5772746
2989016,2,-2.420624,-7.8480425
2989935,9,-1.4105996,0.46353188
2995531,5,-3.2756078,-5.490311
3022274,1,-9.991155,4.3971453
3040658,9,-1.5290862,0.40341708
3095577,1,-2.454233,-3.0907102
3113320,9,-0.46807775,1.4113308
3114004,4,-3.2283235,-6.1504807
3196856,2,-5.8278246,0.5159029
3226000,1,-2.5600028,-6.8669744
3248286,8,-6.799078,4.2319393
3268055,4,-2.175731,-4.203826
3300295,1,-9.246403,3.4578676
3355337,4,-4.267246,0.42479378
3374688,4,-6.2647843,2.9166567
3390257,2,-2.6428123,-7.7175393
3441897,5,-4.1527576,-0.04770141
3443021,5,-5.7524467,2.7789657
3492081,8,-1.6088152,-3.6346202
3514572,2,-6.093491,0.39877573
3567940,8,-1.4029729,0.77759486
3600926,6,-2.7628772,0.39857042
3633886,5,-2.6800575,-3.5768516
3642513,3,-3.443896,-6.838025
3660843,8,-0.90923893,-3.7887485
3664454,4,-2.9382784,-6.230345
3670672,5,-6.745994,2.7843187
3717887,2,-6.4489036,0.2492077
3727720,11,-2.2761328,5.601257
3733858,10,-0.87104326,-3.6898077
3736314,5,-1.0736698,-3.6906362
3764504,8,-2.2301986,0.15882556
3805044,7,-7.16062,3.802111
3844970,2,-5.3474703,0.20022334
3895744,11,-0.3079671,-2.3727517
4048790,8,-4.6101165,3.3722742
4096016,2,-5.3492656,0.7306992
4103269,7,-2.771084,-4.6749268
4280885,4,-5.5683417,-0.094303645
4281379,11,-0.1358782,-2.3810716
4285393,8,-2.154507,0.30364326
4308383,3,-3.0549169,1.498056
4312333,4,-2.4379182,-6.803017
4360011,4,-4.135643,0.27711183
21042,3,-6.690384,0.8973035
28714,11,-3.6023521,5.1845045
49009,3,-3.4467008,-6.9594765
63208,5,-1.6030695,1.3936766
92073,9,-3.629323,5.017496
94232,12,8.389532,4.881536
104500,11,-0.73647934,-2.2325974
159396,9,-1.3087338,1.7187971
341096,9,-5.7402153,4.790012
370343,1,-3.4514725,1.3722128
428532,4,-2.5680707,-5.337142
446442,1,-6.6552305,0.33698457
466406,6,-2.7833686,-3.6246176
489500,3,-6.0395856,3.1608815
524163,9,-0.7408166,1.5703317
555174,7,-2.8164842,-4.9784794
632907,11,-1.215047,0.8676977
684498,8,-1.9898658,-5.028619
700665,1,-6.475688,0.20008852
704531,1,-6.4153686,0.63386375
774349,9,-1.2888498,-0.48702338
793170,4,-2.619768,-4.8124995
804993,8,0.920147,-5.322864
859480,4,-5.520532,3.080317
979190,8,-2.9205635,0.09661737
997411,1,-9.844757,4.0901504
1051727,1,-9.08417,3.6244447
1108107,5,-2.9478781,-4.1015334
1132748,9,-0.8173057,0.85874075
1144102,12,-3.7668223,4.8591185
1149380,12,-3.395065,5.361058
1164502,11,-0.73566747,1.3780764
1179843,6,-4.4081364,-0.26910317
1188769,10,-1.3353972,-1.877877
1204451,4,-9.399717,4.5760546
1209819,3,-5.3532777,0.25322193
1267249,3,-3.3277779,1.1085138
1316445,11,0.6762352,-0.8965742
1327669,12,-3.752824,4.8891153
1389770,4,-3.220028,-5.4926615
1398704,2,-3.9517484,1.0433701
1422310,2,-6.327786,0.3941356
1471230,4,-4.0566363,0.8222175
1502221,9,-0.44443172,-2.1388657
1504840,8,-0.85080564,-3.693163
1519815,6,-6.0179343,3.9898589
1531909,2,-2.743312,1.2999293
1594224,12,-3.7419407,4.7641325
1606826,6,-4.160161,-0.016318401
1683571,6,-2.07391,-2.946635
1700520,4,-8.371116,4.0251694
1728692,11,8.7119875,5.5952578
1782077,4,-2.4929235,1.3881932
1851961,1,-3.0832863,-5.6159396
1915934,6,-2.7102618,0.86723626
1933350,6,-1.684228,-1.9807353
1937323,9,-1.5086155,0.6054628
1972990,8,-6.216047,3.803901
1998255,8,-1.8459731,0.2863683
2003538,11,-0.8631443,-2.777687
2089358,12,-3.6142683,5.159988
2096504,3,0.29103163,-6.785099
2109823,7,-2.3823898,-7.047704
2123810,11,-1.0575709,1.7490594
2132211,2,-3.4903347,-6.6877995
2154442,8,-1.739348,0.27802217
2171460,11,-3.6711416,5.1363034
2208931,4,-2.3572667,-3.8251808
2213082,6,-5.7540803,3.1208184
2220793,4,-8.307905,3.754697
2226785,6,-1.1356946,1.528492
2249221,1,-6.9895983,0.594482
2309470,10,-1.1740972,0.32073984
2355039,11,-0.6519617,-2.7435772
2357104,12,8.75563,4.0095477
2364106,5,-4.693866,-0.016732214
2432758,9,-1.4219561,0.5255655
2443224,4,-3.4508717,-4.825611
2474480,11,-0.64886993,1.8112235
2568733,4,-5.716443,2.8463862
2576593,7,-1.919078,0.6415556
2578993,8,-1.0924596,0.7378842
2584814,7,-1.2323512,1.3577372
2588247,7,-1.344413,1.2694618
2615471,3,-2.8891265,-7.143215
2624014,6,-3.1631787,0.45213974
2648890,12,8.399161,4.7297864
2703973,4,-2.4961627,1.5249612
2717899,3,-7.4013057,3.0852206
2728617,4,-2.2899437,1.2786565
2772094,11,-1.660229,-3.3567643
2782309,10,-1.3079495,0.4243258
2790800,9,-3.925409,5.510295
2839181,11,8.988151,5.4894376
2859437,5,-8.224282,4.078071
2872263,7,-1.0141525,1.4728941
2931461,1,-9.479367,3.7248952
2952621,4,-9.122684,3.9744358
2970531,8,-1.7791772,-5.735014
3047091,7,-1.6945084,-2.1050494
3058043,3,-8.41442,4.142407
3060810,8,-5.7987027,3.8116255
3125443,2,-2.5556226,1.6159098
3162778,11,8.314469,4.5969534
3176828,5,-4.257105,0.24233966
3195691,4,-3.2875125,-5.526687
3200888,6,-2.4151347,-2.595325
3278806,5,-5.9796796,3.057424
3282491,10,0.6557164,-0.87697476
3287645,10,-4.3680115,4.168678
3321737,3,-3.217309,-5.3182983
3327676,6,-2.0114262,-2.0627792
3362912,1,-9.074737,3.5771985
3409540,12,-3.5698292,5.215166
3504302,9,-0.5376513,1.4351853
3513499,5,-2.6995485,-3.4777236
3529762,3,-4.568162,0.618721
3531466,11,-0.2623747,1.2300928
3572948,6,-4.173046,4.421778
3585616,1,-6.3776555,0.006087109
3669943,11,-3.834902,4.649611
3677636,1,-9.969425,4.2610917
3730671,6,-4.436762,-0.25442737
3745306,9,-1.3399947,-3.6924682
3798344,12,0.06377786,-2.493415
3805477,9,-1.3356138,0.72017854
3838712,11,0.6900184,-5.126471
3969120,6,-5.2955513,4.2928963
3976378,5,-3.4874194,0.8003836
3985627,6,-7.2001176,3.2794025
3995147,3,-6.674946,1.0934098
4056203,12,8.471115,5.1847997
4072170,10,-3.6512773,5.1023755
4084429,3,-3.310112,1.1476148
4134840,7,-1.5857482,-1.949646
4213508,3,-3.7111833,1.1203288
4232261,6,-4.55693,0.05998004
4237163,8,-1.7802135,-3.4460106
4332065,12,0.02164125,-3.368441
4408460,11,-0.07165577,-2.4011474
4429042,12,-3.5494204,5.2211003
135434,9,-1.0793402,-0.86247903
207189,3,-2.6474476,-5.4286814
243483,6,-2.1450326,-4.6656218
266789,12,-0.023224024,-3.3776076
300001,6,-3.4881992,0.16731758
308314,12,-2.3054712,5.7244606
314631,5,-1.1896893,1.3932235
409724,5,-4.8250113,-0.26659173
428042,6,-4.422011,-0.37853503
488609,4,-5.073751,-0.19878137
571818,5,-2.2891798,-5.0515313
600811,11,-0.63223594,-2.3957126
607109,11,-0.90851337,-2.416725
667236,8,-1.0609277,-0.53315914
678741,10,-3.7033463,4.9231915
680161,4,-3.920465,0.6314706
704143,10,-0.83264184,-2.2551806
725504,7,-0.79648286,1.5669597
738362,5,-3.6395538,0.61877924
839096,5,-1.7922359,1.2430947
902970,1,-6.7497854,0.40624282
930977,5,-5.708923,2.8853092
947721,1,-9.687744,4.556916
997585,10,0.8124822,-0.74116725
1044626,3,-5.9359665,2.7619312
1059514,2,-7.631934,3.4690235
1076278,5,-3.0253966,-6.135983
1100519,5,-2.880102,-5.5335107
1104429,2,-10.0073805,3.9911141
1150319,7,-4.9009237,3.8814962
1151854,3,-2.8925815,1.496208
1159575,2,-6.9015484,1.0668538
1164582,8,-1.8736001,-2.1403413
1181630,5,-5.101819,-0.17997949
1215433,4,-3.4023101,-5.47326
1259924,7,-2.8148358,-3.5840209
1280833,1,-6.6768675,0.32660323
1287195,3,-3.4751396,-5.18871
1331682,8,-5.1979785,4.3418508
1408551,2,-6.509889,0.31582147
1422278,11,-0.65490323,-2.33682
1433607,9,-2.5513468,-6.671777
1467542,1,-3.3135495,-6.4061704
1503232,3,-2.1457107,-1.8280733
1626066,4,-3.2522156,1.1918972
1642013,6,-5.43827,4.008965
1648116,10,-1.6041821,0.26580012
1713978,9,-5.765879,4.234439
1723119,12,-0.7810244,-2.1895006
1768840,6,-2.531506,-5.246106
1773159,8,-1.8552073,0.42456102
1806099,10,-0.84987336,0.217544
1940595,1,-7.926658,3.7416866
1966568,7,-1.501175,1.0793644
2006097,3,-6.0095587,0.15523237
2011744,10,-0.81233805,-5.193431
2151737,4,-9.724082,4.0576735
2174531,12,-3.8555448,5.069997
2204885,10,-0.81273866,-2.9741247
2234531,6,-4.214846,-0.36650258
2281771,11,0.6086068,-0.91245055
2350358,5,-6.1094527,3.036926
2406130,11,-5.945063,4.1634502
2424771,7,-3.9728155,-0.32761455
2471665,10,-1.4038016,-5.2912135
2495543,9,-1.0127786,-1.1303668
2509480,12,-2.4993927,5.527341
2522962,7,-5.1790905,4.0801353
2588590,3,-9.826277,4.0839005
2610073,3,-9.89116,4.2146373
2673830,9,-1.0291718,1.2701274
2694964,10,-3.8572967,4.682922
2697379,11,0.8240658,-0.7456895
2770654,10,-5.648844,4.072642
2800830,6,-2.3451562,-4.868672
2824187,10,-5.7205634,4.217518
2860709,8,-4.4399743,4.032888
2892590,3,-3.081339,-6.1358466
2899279,9,-0.7452609,-3.4938111
2972353,5,-5.127168,-0.4237705
2983941,1,-4.2638936,0.9968786
2996007,12,-3.562231,5.13184
3091194,11,-1.3909984,-3.7365797
3191325,11,-0.57086974,-2.3235278
3233046,2,-3.1213374,-5.7142835
3254904,6,-2.0596557,-6.131162
3255207,5,-4.498646,-0.06302334
3288308,11,-5.596171,4.214161
3350158,2,-3.0346968,-5.735749
3382875,7,-3.109796,0.5801699
3455172,4,-2.8305385,1.6127816
3490452,5,-7.593852,4.0300303
3506981,7,-1.5372559,1.2858146
3558886,6,-1.6496948,-1.9149005
3602155,11,-2.2626905,5.75123
3609417,11,-5.5047216,4.982575
3627722,7,-1.4164296,-4.667341
3636805,8,-1.5696409,-3.4884644
3640149,10,-1.4175924,0.57742846
3644345,6,-3.0479302,-6.2572155
3667355,8,-2.533683,-5.040418
3671246,5,-5.151487,-0.3207587
3689219,3,-2.3761868,-6.8145247
3694309,7,-2.6891918,0.20350385
3696706,5,-3.234317,-6.0498776
3713118,5,-2.7847283,1.0439082
3756979,8,-1.5186256,-4.735548
3805541,1,-6.251078,6.6033607
3821584,4,-5.777629,-0.008543316
3841341,1,-9.707459,3.8539207
3899069,12,0.92547584,-0.5870972
3912871,2,-6.5838857,0.31019711
3939574,12,0.3826099,-3.6508424
3957521,2,-9.4025955,4.636745
3970855,1,-2.8816047,-7.597329
4057113,8,-3.0906858,0.04061165
4067959,7,-3.8817222,-0.08223988
4090483,12,8.228313,4.8398147
4183105,2,-5.1837063,0.6364419
4187110,1,-9.616716,4.690283
4234951,3,-3.0418212,-6.0594153
4290559,1,6.8781967,3.7786586
4307053,5,-2.5731137,0.60894835
4314829,2,-9.014155,3.5694897
4333851,11,-0.5492789,-2.367595
4413297,7,-2.69968,0.36136952
4426584,4,-8.566468,3.6874204
4475246,12,-3.5341141,5.1345
4486735,12,10.606148,5.7845955
4592657,4,-3.3799174,-5.560345
4671086,11,-5.7470174,4.8773575
4730291,2,-9.611059,4.5938945
4741392,10,-5.8131194,4.811154
4799486,9,-0.272502,-2.3215826
4808835,9,-0.919446,-3.700421
4835763,6,-1.1885887,1.4833333
4848394,1,-5.3835177,0.46149212
4962664,12,-3.49037,5.321229
4972793,11,-0.40189055,1.5704927
4981846,1,-9.175641,3.5822356
4990245,5,-4.888195,-0.3321865
3218,11,-0.53208363,-2.3945696
48543,2,-8.529428,4.2484794
76962,9,-0.6070625,1.3885654
141084,4,-3.083397,-2.8243241
145063,4,-1.9465914,-1.7936894
209014,3,8.973782,4.7396135
242941,11,-3.7515008,4.9829297
265055,5,-3.630881,0.6118197
268363,9,-1.3525662,0.53563654
293049,3,-8.967837,3.8215559
364500,11,-0.72455126,-2.3597765
398721,12,-3.568056,5.4329705
410705,4,-2.6282032,-5.409035
424701,4,-8.729172,3.8447971
480180,10,-1.4032073,-3.584915
499099,3,8.839356,5.5786324
568402,12,-3.50462,5.1653943
568937,1,-5.4717536,0.6925254
578806,3,-3.112501,-7.5504003
657441,3,-8.286207,4.138351
662812,12,8.835511,4.8448796
681077,6,-5.53972,3.8964014
723457,5,-2.9359832,-4.683354
727603,5,-2.768755,-3.220394
734523,2,-4.292152,1.010217
17819,1,6.8410397,3.7970128
32103,4,-5.281441,0.024496004
33996,8,-2.1008306,-2.194572
143843,3,-5.4661646,0.17199342
190062,9,-1.1642563,0.74008787
249171,10,-0.765709,-2.2660606
385963,10,0.5098522,-1.3794914
560202,8,-1.0784822,1.434741
17654,3,-8.507984,3.521948
68865,2,-3.1576486,-5.657711
81311,5,-5.994479,6.497524
162378,5,-2.9871764,-4.66934
219222,4,-5.8385634,0.030304715
354265,4,-2.5273438,1.1889571
362920,1,-2.7301838,-7.3478417
367627,9,-5.734819,4.807664
384429,2,-3.303615,-6.9440413
402368,5,-4.5336003,-0.17591742
407696,1,-6.4150243,3.2702792
466714,8,-1.152131,-1.0375377
621207,4,-2.786805,1.544852
625705,5,-5.9988885,3.1450546
702570,9,-1.8835258,0.159156
786792,11,-0.23734103,-2.4572587
984608,4,-2.3077955,-6.275363
1104300,9,-4.4535275,4.05561
1205880,11,-3.7786114,5.3741784
1216471,2,-6.556299,0.5916722
1235502,6,-4.1819344,-0.30083635
1247214,4,-2.3321297,1.4503757
1248209,9,-5.4824653,5.0787854
1287873,10,-4.8304625,5.6314936
1288064,4,-9.604788,4.381133
1308960,8,-1.6276804,1.8743324
1333376,2,8.809136,5.865333
1593236,12,0.28138372,-2.3824685
1641012,2,-2.7642977,-5.1077733
1693957,8,-2.0239403,0.21870548
1699782,6,-1.6457194,1.3926826
1741548,4,-2.7240126,1.316646
1787858,10,-5.733486,3.9069164
1931673,4,-2.9151576,-6.146576
2034761,10,-0.14159028,-2.3173926
2043694,4,-2.400401,-5.4622793
2114552,9,-1.1309886,1.09486
2123508,11,-1.1542342,-2.0377944
2139243,9,-5.7119417,4.9200234
2182910,8,-4.208209,4.2626963
2248943,2,6.8620105,3.824273
2283530,5,-2.5582886,-4.7165604
2335415,1,6.721928,3.695868
2510873,11,-0.15203536,-2.3982186
2528335,4,-5.2028112,3.432389
2530417,2,-6.363244,0.52859336
2546350,12,-2.3301466,5.748986
2564741,10,0.67324007,-0.8774054
2600247,5,-4.3802595,-0.3272773
2750112,2,-6.59459,0.5655536
2754564,4,-2.7658608,1.2557567
2906611,5,-4.9712815,-0.24808581
2926614,4,-2.762161,-4.7275844
2975653,6,-3.5830894,-0.13443804
2983140,4,-1.3519565,1.4442954
3055492,10,1.0812442,-5.6074877
3059875,4,-2.9461815,1.4876708
3094160,5,-3.0747519,-6.37084
3258547,2,-7.4714355,3.4663649
3281584,1,-4.924161,0.85123247
3356113,8,-1.4823899,-3.7128346
3394672,2,-3.0634422,1.3558456
3459841,12,0.07985394,-3.0474849
3485056,9,-2.401949,5.652367
3551271,8,-5.938062,3.2738729
3562982,2,-2.4240913,-6.710876
3566771,4,-2.8281634,-4.8843217
3586443,3,-6.069109,0.114654556
3587472,2,-9.566394,4.770438
3638755,6,-2.772593,-3.6322615
3655490,2,-4.2696576,0.927619
3731642,1,-9.445745,4.5793138
3741796,5,-2.5194936,1.3992864
3785291,1,6.8587255,3.717109
3873109,7,-2.8278065,-4.2094264
3923313,7,-2.5913594,-4.7298317
3933649,2,-6.0069366,-0.047306288
4161811,5,-7.380266,3.192762
4299120,12,-2.4808123,5.750781
4370473,7,-5.0981917,3.2323895
4415661,6,-2.4043329,-6.148045
4425840,1,-9.174442,3.942322
4431177,2,-3.6498554,1.1315382
4483685,3,-3.5332623,0.75235367
4547281,11,-3.902761,4.5529327
4576919,3,-2.2483451,-6.557338
4584927,3,-7.481735,3.3619363
4612734,12,9.966192,6.0806894
4682580,8,-0.58665043,-1.6649317
4691135,6,-2.2725224,-5.400537
4700724,1,-4.505247,0.99043494
4796143,3,-5.994658,0.04376898
4810802,2,6.901994,3.7264616
4846916,12,0.5670554,-4.0585885
4874667,10,-1.6600723,0.31987
4901343,3,-8.683565,3.784614
4965566,2,-6.144696,0.30647007
4980429,12,-0.21453817,-2.3881598
4990587,10,-1.1607527,0.8611221
5035519,11,-0.10849171,-2.558119
5038330,4,-8.043013,3.5370119
5091892,11,-0.20487928,-2.380762
5143121,1,-6.5762367,0.8454582
5290682,9,-2.6397953,0.067572035
5344456,12,8.464715,4.915465
5354109,8,0.8281746,-5.3502774
5508611,1,6.796078,3.7791636
5550942,6,-7.7694373,3.9268467
5561798,5,-2.968563,-3.229284
5687223,7,-4.101438,-0.25295338
5694315,3,-4.6032734,0.42678285
16845,9,-6.7381144,4.248871
27357,12,0.8051196,-0.6579734
118872,4,-8.2486105,4.096986
128259,12,8.917256,4.8696637
175469,4,-2.6557634,1.0476722
205883,12,0.7594046,-0.8354978
219916,9,-0.81563646,1.5054361
243779,10,-1.1973749,-5.200407
352303,4,-2.4089923,-5.2163205
362166,6,-2.3551002,-4.965394
457630,7,-5.7516236,4.6337843
482885,11,-0.3549112,-2.3737774
501128,9,-1.7281753,0.26991773
653926,2,-3.403147,-5.2305856
661739,4,-2.966211,-4.5633545
737319,2,-6.0631504,0.26696888
809328,8,-6.3678327,4.707627
836506,9,-3.7773783,4.763312
841456,3,-3.584139,0.6329362
841551,3,-5.613883,2.8931074
841993,2,-3.5959725,1.1882615
861775,1,-8.974625,3.9115427
960201,1,3.7001207,-3.2200322
963295,7,-0.91960776,-1.017633
973235,2,-4.073075,1.0764627
1006668,3,-8.773691,3.9059103
1156974,11,-0.38225332,1.5337449
1205829,1,-6.7230997,0.28202444
1403371,11,8.261398,4.6429296
1415489,2,-9.091276,3.5648377
1550861,11,-3.7380567,4.9078436
1575565,4,-5.5940747,0.021995563
1673531,10,-0.5942776,-3.3271065
1677043,1,6.6414466,3.797673
1798920,10,0.9719324,-5.584919
1809737,10,-1.2370809,0.5582226
1871695,8,-1.8547301,0.33966106
1909110,11,-0.044415437,-2.4717925
2020947,11,-0.9740264,-2.9714038
2228611,7,-2.7049625,-4.7915907
2385262,10,-0.58786714,1.5813687
2458135,1,-5.87033,3.0580835
2470267,1,-3.4126468,-6.826446
2486887,9,-2.3341684,0.20225748
2551588,5,-4.3958163,-0.25901288
2616406,3,-5.4467196,0.8505118
2621885,2,-1.9388447,-7.1009316
2716449,1,-9.888377,4.1342225
2749671,9,-1.2204723,0.740253
2823967,6,-1.7905029,0.86817443
3017603,1,-6.5986266,0.26983988
3024592,5,-3.3200107,-6.28581
3083501,4,-2.6100094,-6.7811317
3196267,2,-3.1493878,-7.4613547
3226968,9,-1.0359772,0.5755902
3321495,2,-6.3851604,0.5899884
3391108,5,-4.3272743,0.16021813
3492232,8,-1.5784346,-4.9327126
3553699,2,-2.3131187,-7.715908
3744728,10,-0.5033852,1.6081202
3749312,6,-1.9995726,-6.217337
3775772,8,-1.4860293,1.015131
4060718,5,-2.5179722,-5.0573354
4216229,10,-1.0325207,0.6500358
4221819,12,-3.6208715,5.0919313
4367140,1,6.7699084,3.7335777
4378959,6,-2.3420393,-5.0880957
4463775,2,-9.902403,4.07108
4478290,6,-2.3040605,-6.1269746
4495296,6,-2.6425288,-4.905543
4501579,2,-2.4567847,-6.6916237
4535494,10,-0.86724544,1.0198704
4622365,1,6.917944,3.8527029
4711134,11,0.6224895,-0.80408794
4734046,4,-5.1887918,0.09059092
4757555,11,-4.688826,3.9717553
4795092,8,-5.483072,3.1985846
4842217,1,6.77602,3.7382355
4882812,3,-6.953377,3.717164
5061076,2,-6.644555,0.26461858
5084038,5,-7.1997447,3.4998288
5152059,1,6.782388,3.735888
5212536,2,-9.20912,4.3733883
5261180,1,6.8605046,3.8035836
5283604,7,-1.7418779,0.7870651
5373554,6,-4.284323,-0.24330659
5378549,3,-2.3808537,-3.9201262
5487953,6,-5.2897716,3.729343
1170,3,-5.9550595,-0.05322764
118815,6,-2.925222,-6.205897
136257,8,-2.0811086,0.63320357
210197,7,-1.4587859,1.3267775
264163,4,-7.356896,3.2558017
516302,1,-8.353394,3.764587
521262,3,-8.491417,4.072338
547099,6,-5.2638235,3.5707855
593612,6,-2.2705956,-2.738415
658122,11,-3.8510513,4.664587
664121,9,-1.3938764,0.5031262
672818,10,9.106379,6.1793976
703905,7,-5.677295,4.7142396
910733,4,-3.0295944,1.4481336
949892,9,-1.842104,-3.420708
1087837,5,-3.1415143,-6.214638
1093264,12,0.054592885,-2.4800203
1141725,2,-2.5304596,-7.6851635
1315910,1,-2.6506908,-7.82281
1362047,6,-5.6885276,2.9065082
1386533,10,-5.5243187,4.621776
1427657,3,1.8950483,-6.542889
1448898,12,0.20465559,-3.435973
1555027,6,-2.8109887,-5.7785044
1567550,12,8.963575,5.8721995
1632397,2,-4.3796406,0.9489468
1649820,2,-5.873374,2.8450215
1671587,12,0.80717933,-0.80206555
1743129,8,-2.1796825,-4.9141307
1754368,3,-2.5378008,-3.9955757
1843437,10,-2.2717478,-3.2046566
1865319,5,-7.3341174,3.027586
1924861,7,-1.588559,0.77071196
1975436,1,0.45464107,-6.910601
2008822,3,-2.5958629,-7.2097664
2110626,8,-5.472747,3.6989214
2115512,2,-6.55781,0.5124208
2204087,6,-7.1665025,3.4881918
2209924,4,-3.2839537,-4.7399797
2233182,7,-2.6173115,-3.6229477
2250216,1,-3.2500696,-7.3923616
2296965,3,-9.650977,4.3645425
2527488,6,-1.3633093,1.2061927
2546033,6,-2.4267857,-6.064435
2562687,5,-4.4799795,-0.26350126
2625912,6,-8.645502,3.619873
2647029,3,-7.1679506,3.5235648
2670758,4,-5.8632855,3.177803
2724370,1,-9.923494,4.198688
3001107,11,-5.5880985,3.9565418
3090847,8,-3.0549512,-0.0010651341
3203306,2,-4.1233206,0.9364384
3276426,9,-1.0291132,-2.1450968
3471111,4,-2.3466277,1.5904777
3537774,10,-1.2166538,-2.0853515
3604194,4,-5.3495893,-0.01784342
3675790,6,-3.5297906,0.09986721
3706454,3,-2.339048,1.474856
3711383,11,-0.72067225,-2.816981
3726548,10,-0.49205646,-2.373739
3767559,4,-5.12616,0.07935956
3769741,4,-3.1385167,-7.023381
3829689,2,-6.109612,3.3286083
3844693,12,0.168549,-2.4077632
3911277,4,-5.00051,0.09249574
3912204,2,-4.3259163,0.96040165
3929998,2,-5.779589,0.50507
4028660,10,-0.5896212,-2.4277608
4048161,11,-1.1833866,-1.8995128
4121099,6,-5.05924,3.6894393
4161064,5,-4.9235234,-0.22866091
4220514,11,8.344291,4.773891
4244644,11,-3.826154,4.710821
4261588,8,-2.9935591,0.06756007
4363141,5,-4.3384533,0.06055382
4387096,11,-0.15232824,-2.394112
4415298,12,0.7786288,-0.9043346
4421843,6,-1.5916843,1.0692822
4437347,5,-2.7065609,-5.078877
4503864,7,-1.6436989,-3.4916759
4673132,1,6.604988,3.574785
4719474,2,-3.4047234,-6.931745
4756010,1,-6.581233,0.4071464
4907315,12,-3.8052223,4.8180566
4442,6,-5.3877587,3.5525165
85580,8,-2.3611748,0.3076077
191858,1,-3.5196464,-6.801461
245111,8,-0.9953856,-3.582308
320625,2,-3.0108082,-7.6063356
403099,9,-2.1873183,-3.477381
403634,12,-0.7487373,-2.0006578
443512,7,-4.353238,4.184732
562918,8,-1.6973616,-6.048941
702163,8,-6.088262,4.251788
712480,9,-1.3902675,-0.08218662
823989,1,-2.5293112,-7.7865553
965354,2,-1.8045605,-7.362768
1051177,9,-7.1137176,4.1733146
176282,11,9.205982,5.4520144
256078,3,-9.665185,3.9842644
414959,6,-2.9511273,-5.1221466
430370,3,-4.480109,0.34616584
438936,5,-1.9074379,-3.289294
482723,4,-7.313121,3.31225
615651,2,-2.1719573,-7.7377844
690577,9,-1.1785785,1.0414023
707653,9,-1.3256153,0.6936889
715886,8,-2.724485,0.49122357
798018,2,-3.327101,-6.9764724
821462,8,-6.986125,4.0622306
823928,4,-3.0127695,1.6795056
859633,1,-2.4025574,-6.9004617
870302,5,-4.939604,-0.31475106
986754,6,-1.6986674,1.2383579
1094185,1,-6.534047,0.33548778
1117609,10,0.6623283,-0.9100464
1142240,8,-2.4180465,-4.7144227
1261116,4,-5.500778,-0.22869134
1448828,12,0.63912416,-0.8771975
1476793,11,8.648703,5.281972
1481951,1,-2.4283056,-6.6890097
1512990,1,6.5651026,3.5517163
1604357,5,-2.3812568,-6.046475
1618177,7,-6.0659356,6.574041
1675604,12,0.57220316,-0.82045615
1837823,1,-2.5808947,-7.743153
1870914,5,-4.015914,0.10932423
2037789,2,-3.5359566,1.2988521
2085345,10,-5.687501,4.849761
2092586,5,-3.1268473,-2.87195
2115373,5,-4.9589024,-0.28479385
2245227,7,-7.152114,3.4301221
2314767,1,-2.078997,-7.4818482
2497577,9,-4.008345,4.2288046
2831872,2,-2.217965,-7.710624
2880232,11,9.002085,5.0768437
2897707,9,-5.661992,4.8189025
2970541,5,-3.5997705,0.24702121
2978579,5,-5.8976173,2.549756
3030790,3,-2.7970095,1.6556886
3045634,5,-4.996528,-0.42753273
3102228,3,-6.0689845,-0.15549675
3187972,10,0.34808,-4.007828
3226630,4,-1.9470615,-3.2049847
3230321,12,8.871455,4.8729095
3282230,5,-3.2037516,-5.458101
3395938,9,-1.0272975,1.0705017
3645162,2,-4.2808404,0.90902305
3737564,8,0.06102782,-2.3099356
3740175,6,-4.403338,-0.40636697
3750713,12,-3.6909604,4.912266
3880024,7,-1.895514,-1.9560965
3915603,3,-2.376856,-6.69087
3967478,2,-2.5992754,-7.5962706
4112672,5,-5.6688485,2.5822144
4127707,1,-6.6425614,0.37528864
4168797,7,0.44234264,-6.209992
4200935,2,-3.115235,1.2093177
4348324,9,-0.7557484,1.438941
4481044,8,-6.114942,3.979395
4496785,4,-9.809297,4.105717
4508248,5,-4.2686706,0.22211349
4530200,3,-4.08488,0.4191028
4667154,8,-1.9585569,0.20693745
4745691,4,-5.146222,-0.22286291
4830962,10,-1.4115894,0.3886782
4852918,4,-5.1664243,-0.1452651
4868804,6,-3.3633263,0.63990164
4938420,3,-5.2662406,0.48772633
4991039,11,8.981963,4.7050743
4995624,8,-1.0791564,-3.6791847
5034321,5,-2.5997522,-6.755715
5063720,12,-0.24649967,-2.7227013
5099335,8,-1.6376468,-5.4697227
5183887,11,-0.648419,-2.3670077
5184394,10,-5.84628,4.400655
5200986,6,-2.2126126,-6.381539
5835,3,-3.0271277,1.2906574
46285,9,-1.3153929,-3.7127109
81997,6,-5.7263656,3.052582
153675,7,-2.3057683,-2.219756
171328,4,-8.470067,3.3920681
218525,11,-5.745477,4.1823153
232037,10,-1.4274282,-0.2764866
240939,10,-4.654464,3.9097166
362093,2,-2.455399,-7.7746515
363623,6,-4.533095,-0.30955645
378401,1,-3.1965773,1.4183695
401919,4,-3.1094658,-6.3436337
441481,2,-2.634202,-7.1041603
451313,12,0.8293724,-0.62444544
470729,3,-6.012527,2.7852554
478976,4,-4.227019,0.67891276
533835,7,-5.832263,4.405851
536420,3,-9.541415,4.3942323
586271,5,-4.5363007,-0.20537332
595708,9,0.10939867,-2.2368157
603116,8,-0.6191845,1.4599283
621936,5,-3.9699264,0.38859802
662091,8,-0.572833,1.649855
719168,3,-8.876822,3.803276
781739,6,-2.8359714,-5.556516
940667,9,-6.9648495,4.093838
951276,12,0.7800751,-0.91968375
979143,4,-4.5707927,0.023547387
1011479,2,-2.9330707,-7.275918
1083031,9,-0.908313,1.3076578
1174616,4,-3.4859095,-5.3190994
1191858,10,-5.7096496,4.711086
1300487,1,-3.8671389,1.2126058
1344378,9,-1.3374604,0.52421635
1416903,2,-6.727423,0.30285078
1484760,9,-0.7885535,1.2523519
1530751,3,-5.7199726,0.04855724
1604760,7,-2.2213798,-4.6348834
1613113,5,-4.449614,-0.29612315
1698416,9,-1.1412807,0.845259
1763257,1,6.965499,3.6708078
1789962,5,-2.2605052,1.3609424
1825532,10,-0.64379454,-2.4201066
1839753,4,-5.0844126,0.16153595
1861469,4,-5.607938,0.037440825
1905003,3,-5.210272,0.14167958
1910156,2,-2.831323,-7.7314534
2049870,10,-1.5903429,-0.04744917
2087162,3,-5.325349,0.5518199
2151227,2,-2.7906518,-2.9786777
2204876,11,8.1609535,4.586419
2271693,9,-1.5723715,-3.529317
2289902,2,-6.0889497,0.20388538
2376680,7,-1.2234883,1.3785381
2384810,4,-2.3975697,0.62419933
2441761,5,-2.2273922,-3.4050326
2456266,6,-2.375921,-6.0945587
2479970,12,1.629375,-5.874943
2510789,3,-2.9863367,-6.1558833
2513602,3,-3.3949397,-6.9200606
2566440,2,-2.6909006,-7.24379
2633565,9,-1.3591853,0.6522507
2641208,12,-3.5737658,5.162253
2693274,11,-3.6993272,4.3760986
2709168,5,-9.538521,4.560161
2814119,5,-4.386052,0.17965762
2865512,6,-1.9473859,1.2907858
2906093,4,-8.717369,3.8510675
2942097,2,-4.21184,0.8512952
2953572,10,-5.7220883,3.393067
2983097,1,6.8032165,3.7695966
2984564,4,-3.0060222,-5.036147
2995044,5,-2.4263701,-5.162768
3042135,5,-4.756409,-0.20222756
3104197,7,-1.9101481,-5.8268714
3104491,3,-2.8987992,1.5310923
3123832,3,-5.819071,0.12679856
3127229,2,-6.585624,0.40777212
3152566,12,-0.047999106,-3.5832098
3215866,5,-6.9093847,3.0470212
3219215,8,-2.3015985,-2.1028247
3222803,1,-7.409732,3.3282688
3419021,2,-2.7173283,-4.5833163
3438971,10,-0.069855355,-3.7365034
3439213,1,-2.3267097,-2.3937914
3454506,12,-0.13718717,-2.55138
3461013,2,-9.351622,4.3392377
3547485,5,-1.9615942,-1.9682844
3547912,6,-1.3360578,1.4602696
3557367,3,-3.086202,-0.46473342
3575329,5,-2.4882298,-3.4847624
3644263,9,-5.956354,4.569173
3655882,2,-3.2346847,-6.3325357
3668618,12,-3.4346704,5.3106117
3684567,2,-3.3821032,-6.7012506
3693980,4,-8.851996,4.0817533
3763744,3,-5.5652914,0.31518358
3892834,4,-5.039254,-0.19956252
3894144,5,-1.3427378,-1.5541071
3904868,4,-3.0900607,0.5689201
3960332,1,-3.472272,-5.2424226
4044715,1,-5.0727525,0.69972587
4070533,8,-1.5364751,0.8646904
4092187,9,-5.435874,3.560456
4164423,2,-2.7682836,1.5241466
4254371,4,-8.727195,3.7732933
4293371,6,-1.7530845,1.2367976
4311766,4,-5.834931,2.6597204
4361496,6,-2.3713443,-4.9045577
4400522,9,-0.8334756,0.91642797
4445677,10,-1.422967,-1.9909966
4475875,7,-1.5777214,0.83275235
4499577,4,-2.4144135,-6.449083
4505288,7,-3.095065,0.13662897
4516294,3,-9.20759,4.4044538
4526077,1,-5.8661485,0.5310639
4534606,4,-2.7993996,-7.3001604
4604492,9,-0.8926648,0.974618
4619903,6,-4.750401,-0.6110819
4704450,9,4.5279484,-4.0757675
4767569,9,-1.505799,-3.5997183
4802843,6,-4.3715177,-0.28469372
4808699,1,-3.1436777,-6.1890664
4822051,8,8.827272,3.9230866
4827355,6,-1.7069001,-4.209464
4859140,9,-1.2796342,-0.9978663
4997497,8,-1.0742303,1.3221991
5004606,8,-1.3427745,-3.657177
5021380,5,-8.293005,3.3702233
5218048,8,-0.60149944,1.2882274
5247393,5,-5.5245056,-0.3610092
7925,10,-1.0361484,-2.6705358
70010,7,-7.2665935,4.0799646
190903,2,-5.431314,0.65974724
224078,9,-0.13899328,-2.4602485
315476,6,-2.6882834,-4.9338307
341345,5,-3.8330112,0.43271035
364560,1,-9.783852,4.3947883
404072,8,-1.3473787,0.86752146
431339,1,-9.575747,4.5384283
434553,8,-0.9854383,1.1668154
455232,12,-3.780791,4.7683973
524817,1,-6.2145433,0.43813565
525268,4,-3.9886801,0.8970928
526719,2,-3.3816187,-4.9427476
587231,1,-3.998428,1.0782019
594069,3,-2.3365839,1.4544917
622300,4,-2.6424174,1.5738647
677032,2,-5.4324555,0.49671307
689672,12,-3.6952965,5.1723566
699526,2,-8.937716,3.635794
718601,12,0.7091251,-4.865912
744981,5,-2.9729223,-4.888727
761274,6,-2.267667,-6.227148
853582,12,-0.21436273,-3.3916132
869896,4,-8.291217,3.9622204
899600,6,-3.9445934,-0.084867276
940310,4,-2.3044991,1.2322712
989535,5,-2.7484877,-4.012414
1011728,6,-4.6205363,-0.29768252
1060275,8,1.3699126,-6.041824
1144160,4,-3.1416395,0.8815133
1145607,11,0.014843777,-2.4526887
1201318,3,-1.6869475,1.3265264
1232691,5,-2.236269,-6.378628
1236569,3,-3.3994823,-5.694895
1256608,11,8.79386,5.1457915
1270285,7,-4.2008686,0.034946926
1276840,8,-5.732438,5.0021133
1329449,2,-2.2708442,-2.862301
1348067,10,-1.3363141,-3.673753
1631693,4,-5.2007837,0.13635822
1643446,3,-2.80025,1.6685019
1671148,3,-9.142427,3.4070756
1699963,2,-2.797459,1.5666695
1746608,3,-3.6351144,1.116729
1805844,2,-9.533332,4.450553
1854291,3,-3.4983134,1.2451059
1858785,1,-6.5317802,0.139167
1899664,8,-1.4806958,-2.107624
1902598,12,0.59101224,-0.90114206
1916519,11,0.614247,-1.0432614
1918571,7,-2.076018,-6.310931
1963693,4,-2.555464,-7.1796517
2015351,10,-1.3002666,0.3564218
2117375,12,-3.6718779,5.10162
2285990,9,-1.2002715,1.0477993
2312537,2,-2.4850476,-7.2151628
2324498,6,-0.86839914,-2.2900846
2339747,8,9.038495,4.9971786
2350167,2,-8.902377,4.119242
2380575,3,-5.110579,0.58238715
2396548,11,-1.2268114,-2.9004304
2404780,8,-6.9915347,4.024758
2463718,4,-9.456923,4.599946
2594380,9,-5.30636,4.081458
2667556,1,-3.787386,1.1788001
2682939,3,9.327087,5.5130305
2760280,2,-2.7234173,-2.9585445
2775868,3,-8.619864,3.4092014
2781644,9,-0.8322472,1.5148598
2784709,6,-2.2094736,1.187931
2794944,2,-4.970505,0.7231475
2854748,7,-2.082426,0.7112228
2903419,8,-3.2190862,-0.045678955
2940255,7,-5.2007422,4.06123
2977202,7,-1.7539085,-3.1439672
3070562,11,6.543578,-2.7268393
3153511,11,0.37330246,-0.66512984
3212607,7,-2.7627902,-4.6847196
3215628,8,-3.705813,4.8572445
3217165,7,-7.1813836,3.324743
3238237,3,-5.4254727,0.22937337
3250726,7,-6.39191,4.067591
3253421,3,-2.0501976,1.5694958
3378677,8,-4.8623147,4.09118
3393940,2,-5.7857013,0.5823128
3506663,8,-1.591369,0.5690335
3530744,12,0.46762735,-3.952101
3571249,10,-0.77101856,1.6281692
3642596,2,-5.1450357,0.821041
3659052,9,-1.1417719,1.0796568
3689900,6,-4.390961,-0.30937365
3691667,7,-7.278569,4.12171
3720573,2,-2.1739964,-7.393902
3727726,1,-3.384056,1.3918431
3739500,9,-0.31219867,-2.3760283
3886243,3,-6.0061283,0.111952275
3939212,5,-7.2765355,3.4490826
3979119,9,-5.6916876,4.798066
3988981,4,-8.134616,3.8731012
4060612,4,-6.5675964,1.0731244
4112228,4,-2.5595956,-5.2453713
4135246,9,-1.6141065,-5.0581098
4137159,11,-5.7592616,4.43049
4146650,5,-3.4701736,0.5595711
4152204,2,-4.2612143,0.85762376
4162966,1,-4.460019,0.9833208
4331274,6,-5.9745774,6.4932036
4524342,7,-3.9201684,-0.3089397
4591514,8,-1.8646983,-3.0519483
4633013,7,-1.7410588,-3.3407986
4704592,4,-5.2639174,0.18750012
4738280,3,-3.982265,0.82608294
4788856,4,-7.295628,2.9042258
4828732,12,0.51395184,-1.9881237
5096931,8,-3.3103657,0.02293586
5248212,4,-7.1757317,3.5613673
5292917,4,-1.5258652,1.452168
5345615,1,-4.124066,1.2197641
5400583,6,-2.4710748,-3.9556465
5439236,2,-9.450906,4.536195
5507158,6,-4.5455775,-0.30159703
5521624,5,-3.0169947,-4.4217134
5576987,12,-3.268493,5.110611
5607686,5,-2.5720513,1.0858698
5782858,6,-2.2066908,0.740811
5955883,8,-1.1678877,0.97477156
5997724,2,-9.421328,4.467756
6120308,1,-2.879394,-7.7221365
6142406,5,-2.6012669,-5.091377
6147366,7,-6.267596,3.7551544
6167555,2,-2.2407167,-6.577085
6197113,1,-3.9131782,1.230055
6353264,4,-8.951097,3.5018792
6609036,6,-4.064768,0.13547176
6609493,2,-2.4180522,-4.045106
6670683,3,-2.5089219,-4.072369
6673659,7,-3.2388363,0.2826776
6906361,6,-3.7926354,-0.07417405
7003569,2,-3.269617,-3.2491179
7014277,6,-1.5511951,1.3825957
7165271,4,-5.5614347,-0.009536502
7202364,6,-4.211923,-0.14395396
7204353,1,-3.424777,-6.7164736
7211990,12,-3.571469,5.1501985
7244456,2,-6.123931,0.44730145
7245036,4,-5.9325533,0.0044621206
7248636,8,-0.7247314,-2.876721
7281719,5,-2.621778,-2.4702032
7293851,10,-0.5838259,1.5939959
7343011,5,-2.7894983,-3.6568158
7351788,4,-1.7557602,1.4457076
7352704,3,-4.4530325,0.8566018
7353186,1,-2.8423512,-7.5687947
7365705,4,-2.930565,-4.3500366
7424222,1,-2.714761,1.4575849
7429470,2,-3.3742104,-6.537233
7437650,4,-4.890518,-0.15012102
7470775,2,-3.086423,1.5811
281901,5,-4.4848585,-0.15379177
331871,2,-6.7033467,1.4163175
341757,10,-1.3938209,-3.401018
393760,3,-2.410055,-7.7157583
424287,12,0.7594692,-0.90164673
476533,2,-7.276898,3.3338835
513070,4,-7.192343,3.5791447
618859,3,-3.415307,-5.2195187
649858,8,-7.127595,3.9208884
693351,2,-6.9539776,0.2621847
751124,8,-1.1620142,1.1473161
804291,8,-0.08740765,-2.4276743
824161,3,-5.0788746,3.879192
837288,8,-1.3853476,0.99526614
854204,5,-2.813655,-3.4573944
874742,10,-1.0106496,0.96433
874970,12,0.7724672,-0.68030834
881225,5,-2.9360757,0.742742
912237,9,-0.75896007,1.7359669
921057,6,-2.9335058,-3.6309114
933890,4,-5.710996,-0.23715499
990608,7,-5.3135853,2.8549461
1004547,2,-3.7095468,-5.189813
1021049,4,-2.5526726,-7.6077766
1059995,11,8.588662,4.673158
1082796,6,-2.6868417,-7.0574865
1094368,7,8.969489,5.825309
1105943,9,-0.76339453,-5.9964576
1119358,3,-5.7742662,-0.22192939
1131951,2,-2.576056,-7.2183666
1173834,11,-0.78622115,1.1995176
1229783,7,-6.4284377,3.9528136
1230938,8,-1.1784848,-3.6088433
1297424,1,-2.2657146,-7.78858
1338477,11,8.440903,5.0133286
1392700,3,-1.6776762,-4.621484
1405865,1,-9.897367,4.114694
1416543,12,-3.4060283,5.3589277
1433316,4,-7.289067,2.9196277
1530169,3,-2.940054,-7.556864
1604146,1,-2.5456104,-6.3683815
1663363,4,-2.054347,1.0543327
1725984,9,-1.6128538,-3.4372942
1729744,3,-5.86176,-0.036300346
1747943,1,-2.3469148,-6.595064
1802434,4,-8.375638,3.9049902
1807048,3,-4.2787175,0.47484028
1830036,2,-8.9534445,3.773383
1894493,1,-6.795756,1.1530942
1973486,4,-2.5565054,-5.386353
2186282,8,-2.1219816,-4.8273125
2328550,11,-0.5796277,-3.212873
2335961,4,-2.6925292,1.3097115
2360609,6,-7.989519,3.858217
2363872,2,-6.366939,2.9488065
2469905,7,-2.962409,0.08466503
2623410,5,-2.4031334,1.2143352
2707620,1,-6.4630575,0.50915486
2713087,8,-0.676312,1.5860718
2729707,2,-6.6571617,0.90378594
2767981,5,-2.2142677,-6.864369
2777632,8,-2.3535562,-3.8030539
2814703,5,-5.135272,-0.3300107
2858424,6,-4.694885,-0.32448167
2881970,12,-3.830647,4.6454325
2903763,4,-3.8131764,0.79038477
2923860,5,-4.0966444,0.29459953
2925282,8,-0.85227436,1.2501916
2934584,10,-5.6821074,4.5161133
2989677,7,-4.6491017,3.863041
2998365,7,-4.845167,3.969437
3121317,4,-2.884602,1.0812882
3159587,5,-3.3136594,0.6914343
3209687,10,0.79568917,-0.7584282
3225464,2,-2.1975386,-7.6187463
16325,4,-5.6541543,0.088554755
168181,5,-4.9817367,-0.31391138
308601,4,-3.9512808,0.45917946
486468,8,-2.8137045,-4.4821124
509159,6,-2.140125,0.71194816
554610,6,-4.090386,0.1981349
567636,12,-3.633847,5.45835
655200,3,-3.0318563,-2.750947
674202,9,-4.1136065,4.3755736
677048,11,-4.0834565,4.382774
725399,4,-3.283912,-4.4433737
808274,4,-3.0532122,0.9948596
853037,6,-3.1522095,0.17204477
940578,4,-8.17582,4.1999097
964032,12,-4.5770183,5.2324286
995390,10,-0.41058978,-1.4196879
1030656,1,-2.7052972,-7.489712
1100011,5,-1.8402697,-4.713291
1116679,3,-2.7555254,1.615232
1207344,8,-2.0367143,-5.132501
1209622,5,-2.894454,-4.728019
1341605,11,-0.37152556,1.3610946
1345598,12,0.5610818,-2.2457752
1406495,1,-3.402267,-6.1830344
1463152,4,-2.8772895,-4.5680118
1493546,12,-0.1958381,-3.256559
1497329,4,-2.6914644,-4.8322754
1504772,1,-9.506635,4.58516
1514873,4,-3.2590024,-3.9068804
1644804,5,-3.2566187,0.6317742
1744565,5,-1.1861464,1.5405346
1872255,9,-0.9927599,-2.499549
1886516,6,-1.6379229,1.1394607
1965024,8,-3.1500764,0.100756384
2094024,10,-1.759314,-5.3381124
2101108,11,-3.7220483,4.9775925
2144670,5,-3.1299703,-5.459343
2186789,8,-7.886383,3.8694944
2211794,5,-8.360887,4.067795
2219394,9,0.06621965,-1.93888
2224702,11,0.7565516,-0.8201642
2229857,5,-5.1040473,-0.3807613
2256910,8,0.7378355,-0.8974898
2333781,9,-0.8623214,-3.7265644
2459206,2,-3.200539,1.3068919
2498287,6,-1.5960346,-5.9909806
2613100,9,-1.1517272,0.8178908
112004,5,-4.9502864,-0.5116745
113806,9,-1.9805005,-6.483004
151138,3,-8.396625,4.144877
185591,5,-2.136778,-6.1300855
218460,1,-5.9639454,2.7444072
221649,1,-8.3436,3.7174547
239479,4,-2.545553,-5.06936
311188,4,-2.0127025,-1.7967634
332941,7,-2.3016765,-4.9467244
337374,10,-5.599936,3.9460046
341538,6,-2.228414,1.3811946
374548,7,-7.2555966,4.049769
402868,8,-1.2704443,0.99956
427212,11,-5.707088,4.804799
429596,2,-9.417994,4.4226265
502960,1,-6.6009493,0.38550976
517710,5,-4.164985,0.30706012
550899,11,-4.0811486,4.1010556
552462,9,-1.3612131,-3.8774385
563371,12,-3.4916723,5.2902765
643298,11,0.78691405,-0.51208776
660067,6,-2.2654743,-4.82625
735597,4,-8.782606,3.6306596
881564,10,-4.0671215,4.4033985
915334,10,4.8880835,-4.057636
88000,7,-4.135742,-0.15137555
350699,7,-0.5509736,1.4620489
367543,4,-2.955405,-4.527767
756514,2,-2.1611838,-7.345025
768774,2,-9.433432,4.3521447
770185,6,-2.4379785,0.73646563
790845,12,-2.350395,5.6599813
1193273,2,-4.0320983,0.7326532
1271123,1,-5.2407417,0.8445299
1280621,11,0.68345636,-0.835374
1312593,9,-1.0759982,1.0391152
1323285,6,-1.8850675,1.3642508
1368584,1,-2.9131408,-7.582092
1377474,2,-6.7129855,0.2643496
1397620,1,-4.495078,1.1190228
1434420,8,-1.7861199,-1.962885
1437094,11,-5.5408936,4.975439
1524295,10,-1.1227548,0.6101616
1590844,4,-5.653521,0.016614908
1684084,11,-0.46334124,1.4118776
1756555,6,-4.8745623,-0.43396887
1832885,4,-7.894796,3.7174623
1867467,2,-6.6785445,0.31602395
1962295,5,-8.031402,3.7474642
1970280,4,-2.8047447,-3.3172917
2052607,1,7.0733457,3.819702
2073515,5,-1.7808092,-2.3414652
2078666,7,-3.0325212,-5.4896297
2203720,12,-3.846714,4.660917
2234907,11,-1.0039358,-2.3547268
2250868,8,-2.5072756,-3.5209713
2251650,6,-2.3786387,-5.1841207
2304618,6,-6.8618503,3.3299239
2344756,8,-5.6327553,4.0560784
2383331,12,-0.9042943,-2.1911094
2391198,10,-1.6424472,0.3370082
2418654,7,-4.9620695,2.9599512
2453547,5,-8.591621,3.5761716
2587385,3,-5.3235235,0.43342984
2664342,4,-3.2225924,-5.2756114
2767199,7,-6.906571,3.998878
2776652,3,-3.7357166,1.1565074
2853811,2,-9.444672,4.4263854
2978983,5,-2.543624,-5.2413826
2980088,1,-4.8929496,0.9119337
3002558,7,-3.8891437,-0.1589372
3018959,7,-1.9310132,-2.937853
3041255,8,-7.2543726,3.9682484
3224625,7,-0.9614713,1.4809161
3244886,12,8.45658,4.7749963
3308923,6,-1.6172973,1.3875451
3316968,7,-3.2455108,-0.02694271
20503,4,-2.938952,-4.313773
79464,6,-3.383897,0.40115097
105249,11,-0.052391272,1.6623809
205092,7,-1.4282267,1.2827622
238674,2,-5.6010914,0.67861044
333826,9,-4.202712,4.2760262
379451,11,9.360506,4.250035
383164,9,8.328157,4.6559134
492556,5,-3.5339205,0.5307584
549290,11,-0.5267664,-2.4730089
556846,7,-1.4589927,-2.750198
563061,2,-5.425114,0.397858
568059,2,-5.8103476,0.70899343
635121,4,-3.7914865,0.7978534
647784,2,-4.3035665,0.8243243
650943,1,-3.3890142,-6.898655
729858,2,-5.4031043,1.1327876
782601,4,-5.0378723,-0.1907064
839258,1,-2.8160045,-6.7397785
902778,2,-9.416023,4.554922
924639,8,-6.7903066,4.0354686
983993,11,-0.55877876,1.5350816
1052985,10,-0.6683387,0.99879986
1072845,4,-8.256049,3.4230914
1163308,4,-2.6119857,1.313416
1186705,1,6.8084545,3.766133
1234519,11,-5.7715487,4.3063865
1273431,1,-7.6961985,3.6402638
1314619,8,-1.2301304,0.7765207
1327038,5,-2.474739,-5.9815445
1329060,5,-7.2658854,3.4896305
1469634,7,-3.7855022,-0.117464475
1475533,12,-3.4053824,5.3356786
1023,1,-8.871024,4.077424
52395,3,-3.045637,-2.7860162
91780,9,-1.2198942,-2.1288354
109336,6,-3.0539794,0.5917504
185487,6,-5.905799,3.0614343
197165,5,-1.3642524,-1.6987695
219214,11,-3.8265858,4.498501
278970,4,-2.3356316,1.4118214
280094,5,-3.6581612,0.7686036
304153,2,-2.999227,-5.1833396
38192,8,0.77101445,-0.79038525
96526,1,-5.668477,0.66175574
326062,1,-5.2299857,0.6051963
519994,5,-2.676105,-6.9982967
778266,3,-6.1788,3.0780993
852850,8,-2.0833182,-5.1823874
860029,1,-8.755976,3.80985
952915,1,-6.814934,0.20311521
954712,11,-0.7315842,0.7073048
956228,6,-6.859866,3.7352827
981261,1,-2.8399706,-7.5935636
991259,11,0.6534489,-0.83203846
1083823,2,-7.864546,3.529932
1089299,8,-5.6350455,4.3155246
1269795,3,-3.022395,1.292401
1278040,2,-2.9477215,1.3652257
1295176,3,-8.7253275,3.8700006
1326376,1,-3.2994847,1.3376313
1337421,6,-7.004848,3.5603979
1356477,9,-5.858081,4.2946434
1386316,1,-9.477084,4.8103566
1435312,2,-3.124433,-7.426368
1491203,5,-6.436926,3.6951876
1645576,4,-2.4397213,-6.579527
1754024,7,-7.177333,3.5281603
1791348,4,-5.711337,3.3492844
1900542,7,-1.9313998,-3.234255
1944601,7,-1.3643544,1.3070647
1957542,6,-2.018812,-6.580377
2023614,4,-3.2200625,-5.6196775
2030731,5,-2.605874,-6.082845
2031585,11,-5.80616,4.765326
2081585,10,-1.3523288,0.24360299
2114725,5,-4.3970504,0.1845882
2120588,9,-3.6595533,5.6889563
2122422,6,-3.073852,0.6407353
2136732,4,-2.6891294,1.522812
2236190,2,-2.2250497,-6.824462
2243577,8,-2.060329,0.21911947
5392,8,-0.0656088,-2.4567175
43241,2,-2.3635511,-6.9063096
102905,2,-2.430053,-6.6088624
118526,8,-7.112907,3.8525343
225490,11,8.567066,5.149963
225781,4,-5.4073277,4.0593476
255576,8,0.9531454,-5.3255816
273205,8,-2.8198054,-0.1852999
294204,4,-8.326346,4.203457
302079,6,-4.168994,-0.21499395
369839,4,-3.4125013,-6.720096
405682,7,-5.2617426,3.9209394
492639,5,-4.650993,-0.06026783
496162,5,-4.545797,-0.18551539
500717,1,-5.533295,0.6484561
559855,5,-2.639819,-5.185533
602641,3,-5.983463,0.15389472
716872,5,-7.236343,3.2989058
730054,6,-3.3900352,0.45831668
747206,10,0.045744557,-0.48684514
754949,6,-1.7318373,-4.296187
764978,10,-4.2693667,4.1915045
785955,3,-9.807034,4.2021976
848615,1,-5.6100225,0.6869461
911885,1,-9.280936,3.6193254
941507,1,-5.8333206,0.70513815
1026738,4,-4.4359803,0.57528186
1033052,12,-0.40624782,1.4339341
1087347,12,-3.4663095,5.135124
1115369,12,-3.5115142,4.983175
1135598,2,-3.384623,1.248525
1204272,7,-0.11639225,-3.1148446
1241531,1,6.5506196,3.575925
1282777,9,-1.0504858,0.8345179
1287281,2,-6.3048496,0.95861197
1335718,3,-8.059498,3.7440693
1415996,5,-2.9772866,0.8724378
1424275,11,-4.118636,4.303212
1432317,5,-2.5065517,0.95946056
1459728,10,-1.0542855,0.72359246
1524813,5,-2.7130723,-7.0934825
1571327,1,-2.2362146,-7.714664
1600028,11,-3.5976388,5.155328
1634036,9,-3.519663,5.2650857
1693211,6,-2.5969615,-2.6262796
1738799,1,-9.77982,4.295446
1762935,7,-3.1775315,0.26575127
1822499,3,-2.779762,1.3601142
1836163,3,-5.379098,-0.018940328
1887469,2,-5.23202,0.73311514
1963455,4,-7.7872195,3.5810406
2003803,3,-8.027954,3.995593
2146188,8,-0.6192067,1.3660065
2155600,12,0.062432405,-2.6812406
2172649,1,-4.082565,1.0485135
2311218,9,-0.9658593,-3.6245728
2376105,5,-4.503702,0.0669669
2408225,5,-3.080743,-6.1261873
2631617,4,-1.83678,-3.0491736
2651616,4,-5.1313605,3.8964257
2651814,12,-2.381796,5.6596446
2713216,10,-0.049806934,-2.2772489
2906203,10,-0.6650161,0.88477886
2935856,3,-2.5717769,-6.6161594
2962851,2,-6.067062,0.4950304
2970673,9,-1.0187241,1.1103722
3062939,9,-0.6433397,1.5888331
3148333,3,-5.4739065,0.2412852
3253370,6,-4.1688275,0.12104732
3271708,7,-1.8082271,0.8443835
3425813,5,-3.1662219,-6.103422
3430210,12,-5.982146,4.9309597
3440740,6,-5.688616,2.9900343
3570657,4,-2.728081,1.4279
3581931,12,0.47513172,-4.0324006
3667706,6,-1.4789932,1.3574637
3788014,2,-1.8110734,-7.4066834
3822027,3,-8.497071,3.9567184
3850447,6,-1.64071,-4.3547645
49850,10,-5.6783876,4.1403003
77549,8,-0.56885964,-3.8306208
111121,3,-3.2160935,1.3213814
131262,3,-4.392289,0.8175533
154325,1,-2.5141704,-7.822601
222326,5,-2.770738,-7.2208657
379003,3,-5.985193,0.17762181
398584,3,-3.3700042,1.3844004
484268,11,-2.4975002,5.5426836
487269,2,-3.059019,1.491943
548950,12,0.6425076,-4.0824203
562370,8,-2.555229,-5.023729
592474,2,-5.015888,0.83411753
615586,4,-1.5695513,1.3698742
653491,8,-6.9917817,3.8578787
866077,7,-1.6522034,-2.6483898
866095,11,-0.02656502,-2.4493399
968631,4,-2.8490684,1.3890673
970928,11,-0.9573724,0.5348642
976352,11,8.243362,4.6576123
976436,10,-1.202682,-0.65847397
1262802,3,-4.797118,0.19737475
1319472,4,-2.854998,1.2134628
1422778,5,-4.913179,-0.33027765
1478292,9,-2.5329719,-6.1472945
1513028,2,-2.1265514,-7.699952
1532032,9,-1.4227024,-3.674266
1670710,6,-5.6677938,3.2394962
1676790,2,-3.0855174,1.6012292
1815941,3,-3.2957172,-6.498891
1915735,1,-6.5137115,0.33039907
1927690,2,-5.7372613,0.5812367
2085992,3,-6.0565825,-0.09396346
2102988,9,-1.6042601,-3.3651578
2176495,5,-4.8124714,-0.24299878
2244240,4,-5.368955,0.080350794
2320724,1,-3.6352804,1.2461834
2327576,3,-3.532475,1.1646216
2357705,6,-3.2250364,0.5061569
2363830,10,-1.3951619,-0.10103085
2398141,6,-2.6864834,-4.7466164
2402342,5,-5.987836,3.7105782
2429686,7,-1.6585882,-4.1248198
2512773,8,-1.6489505,-2.8536704
2695521,1,-6.2809424,0.43087244
2708980,8,-1.3428203,-3.653464
2779539,4,-1.4888546,1.5616153
19587,4,-3.4101632,-5.2378287
48999,9,-1.8563657,0.16218416
79701,12,-4.034564,4.3988256
91229,11,-0.01454657,-2.435285
109576,6,-4.4081254,-0.30689985
174354,3,-6.042386,0.04438833
465958,6,-2.457686,-4.841248
506719,7,-2.7321327,-4.9543443
534031,7,8.943669,4.9981384
575874,7,-6.2840214,3.6023762
656667,7,-2.5526018,-3.5459356
775065,3,-8.818963,3.942037
778666,5,-3.094994,0.54393893
965574,1,-9.9453,4.0878954
981667,7,-7.1631417,3.6574252
1029170,6,-1.5089349,1.3598722
1133504,6,-2.161088,-5.0777807
1220782,6,-1.8063846,1.4028904
1253559,3,-3.9691942,0.9929687
1449669,4,-4.0650477,0.8704617
1474838,8,-5.70629,4.9492903
1556098,5,-4.742859,0.11008488
1565311,10,-5.7888174,4.782668
1712458,3,-6.1440306,-0.011394344
1846500,5,-3.0475585,-2.7310822
1918019,2,-2.6167285,-7.7800517
1920948,5,-2.2338016,-4.311337
1991150,1,-3.3639705,1.441436
2086329,12,0.18431838,-3.317269
2099617,9,-2.234709,0.12406943
2355484,2,-8.371807,3.4281728
2495469,1,-9.848593,4.5262685
2570868,1,-3.0373135,-7.526273
2586221,7,-2.3908315,0.58712053
2588487,10,-1.0958812,0.6411218
2639700,1,-6.7147164,0.3052119
2645245,1,-9.778345,3.940753
2669989,6,-2.8719244,-5.312723
2691589,9,-0.2522425,-2.2707005
2715747,11,-0.61709744,1.5095778
2742596,2,-2.305551,-6.7763553
2812745,11,-0.15099528,-2.4489572
84262,7,-5.695843,4.890541
376682,11,-0.4216059,-2.4679914
393004,12,-3.7223487,4.8435597
404171,9,-1.6181797,0.47103795
415511,1,-3.1286328,-5.1451793
455773,2,-2.9437644,1.4572806
509840,1,-2.4824808,-4.0865145
521878,2,-9.559293,4.6689057
573275,1,-3.887122,1.2747496
912869,12,0.5472909,-0.77930343
926654,9,-1.4508343,-5.1022496
1184820,5,-3.3953223,0.38100976
1197360,11,-5.19135,4.2527094
1362121,11,0.7445831,-0.80766827
1519243,8,-1.6662393,0.58270466
1596830,4,-1.9260981,1.472148
1600741,8,-6.9835315,3.7491329
1619197,4,-5.34302,-0.06810977
1659715,3,-7.263333,3.0310354
1696614,12,-0.74792874,-2.3564703
1740207,11,-1.4929225,-3.3987892
1765370,9,-1.3496908,0.359179
1835026,6,-8.195166,4.108744
1930764,3,-2.9201918,-6.443121
1934245,10,-1.3667613,0.38913485
2126225,11,-3.4381084,5.197
2153495,7,-2.5385194,-3.5073965
2174466,3,-2.6557713,-7.2394133
2186755,3,-8.408415,3.905489
2231015,11,-5.767921,4.281261
2249349,11,0.09076165,-2.4215462
2304703,10,-1.5053253,-3.567769
2350163,4,-4.110409,0.7048157
2410953,2,-4.1019015,0.98732096
2412873,7,-1.1978164,1.4196709
2423071,8,-5.5606694,4.803987
2449797,4,-7.019524,3.643704
2544307,1,7.4522157,3.8317673
2545877,7,-3.5210483,5.1892962
2596700,8,-7.056336,3.893238
2948905,5,-4.7433186,-0.23949036
3017460,11,-2.3345928,5.7093763
3030889,2,-5.6185336,0.6443428
3088929,4,-1.3241421,1.5177338
3106761,4,-3.978302,0.7506341
3108062,3,-4.965259,0.1158423
3108418,12,0.6566729,-0.8938929
3124218,9,-5.7663245,4.9345994
11311,6,-1.4941127,1.3971199
38065,11,-1.0627915,-2.2116709
128493,7,0.006572617,-2.51695
129970,9,-0.34232962,1.3889617
246323,10,-1.7928611,0.21990648
528393,10,0.004720058,-3.324464
627780,9,-5.6166873,4.9393077
639408,4,-4.619368,0.13856658
639978,1,-6.65206,0.2547294
822901,12,0.60435706,-3.6103108
850143,5,-7.385964,3.1429532
971286,7,-5.325173,2.8521929
1117276,11,-0.39822704,1.3502262
1145871,4,-5.4668355,-0.038196385
1180064,7,-1.6516052,-3.4837832
1195357,6,-2.6769097,-5.1579385
1228813,8,-2.4320467,-4.985326
1261015,3,-6.1920342,2.972568
1295289,1,-9.966495,4.147929
1382365,1,6.8053493,3.7956235
1421527,1,-3.3338919,-7.031831
1677386,9,-2.3827298,0.11919171
1718047,7,-1.0810306,-3.3792748
1729153,9,-1.1776901,0.79484165
1974076,11,-3.755141,4.842445
2007637,2,-3.186574,1.212551
2101505,5,-1.9716879,1.234606
2170205,12,0.74679,-0.7988001
2177244,4,-8.999902,4.015138
2194609,4,-2.9504175,1.0866681
2290659,6,-2.6447952,-3.4726453
2310220,9,0.3505773,-0.70983547
2414858,6,-6.7054615,4.585267
2417442,3,-2.750005,-6.811071
2498627,10,-0.5532432,-2.391878
2659476,3,-9.382962,3.5155196
2660756,3,-3.4733021,0.8834313
2718806,2,-2.6361685,-4.8427286
2772582,4,-3.025894,-3.0594745
2847216,9,-0.54770017,1.5910621
3006972,4,-2.0520172,1.3639079
3075246,4,-7.559082,3.8892667
3082590,7,-1.8965093,1.2576823
3122438,6,-3.7977972,0.03179408
3294228,2,-4.731601,0.76874465
3327573,4,-2.9132683,-6.414174
3335350,11,-0.035170306,-2.428729
3437854,7,-3.6036024,0.069704235
3442447,6,-1.8346443,1.2393231
3655927,1,-2.8642483,-7.592063
3701422,5,-4.7951217,-0.28585485
3725425,7,-1.4937835,-3.7451406
3938580,1,6.735027,3.7219381
3986002,8,-1.936576,0.4094021
60977,12,-0.66836846,-2.48489
151356,8,-1.9328955,0.44179666
242570,3,-5.494017,0.18740802
293145,11,-3.929266,4.5642605
416367,3,-3.4336576,-4.963633
431572,4,-5.157422,0.073100515
461576,2,-8.777454,3.755927
511685,2,-9.547589,4.605985
589867,12,-2.3443274,5.699666
644053,1,-2.9407725,1.1249325
754530,8,0.6741196,-0.83012444
817083,2,-7.048206,1.136115
1113823,11,0.5019799,-0.6963288
1117479,11,-0.2505719,-2.4564505
1227520,3,-3.706857,0.5510687
1271161,6,-5.7181153,2.865247
1291977,3,-2.3938482,-7.3219914
1433625,10,-0.30145803,1.5865898
1435729,10,9.246117,4.9201117
1474995,2,-9.914763,4.037674
1580969,10,-0.9494974,1.4197019
1591515,5,-1.833264,1.2972937
1662608,6,-1.7078178,1.3399457
1693095,1,6.735164,3.7042055
1710362,1,6.7441506,3.7298083
1838763,4,-2.859241,-7.440057
1922797,2,-3.3696444,-6.1086173
2171560,12,-5.960756,4.9300823
2243837,3,-2.921038,-4.8321047
2264838,2,-7.4355416,3.2468576
2305007,1,-2.436196,-6.821443
2347378,7,-1.5552372,-3.642921
2399448,11,-0.34662023,-2.566118
2424029,2,-8.920676,3.5295832
2577157,11,-3.4631748,5.27072
2587202,2,-2.8025653,-7.21245
2595349,3,-3.3986773,-6.3696694
2678578,12,-2.2511642,5.576491
2767103,8,-0.77424806,-3.7374847
2837881,10,-5.693869,4.531512
2927035,6,-5.844799,3.1653538
2980251,1,6.79583,3.7667785
3135116,9,-1.6355335,-3.4239132
3170449,1,-9.898842,4.1287107
3304458,11,-0.3941029,-2.4402938
3358348,4,-5.712889,0.093879975
3360398,3,7.136609,3.6869056
3377020,12,-3.4985774,5.292691
3437098,4,-3.4829202,0.70303094
3482103,1,-2.5601156,-7.618031
3581402,1,6.8404064,3.808844
3768516,10,-1.0293247,-0.4097888
3859544,2,-8.391071,3.4653544
3908504,5,-5.2453547,0.04955026
3970670,9,-4.5590687,3.9903765
3978837,11,-0.6634765,-2.5411863
4000048,3,-5.6407,2.4162302
4016550,5,-4.9568396,-0.24564302
4045612,4,-7.506829,4.473357
4054855,9,-1.7569007,0.39457327
4058068,1,-3.0556195,-7.5277276
4090706,4,-3.3248196,0.6659023
4144389,12,-2.3867977,5.653361
4325561,4,-6.6868453,3.3719773
4429288,6,-2.4148667,0.33469793
4448970,3,-6.784153,3.119806
4503579,6,-1.4045234,-4.663757
4620900,4,-7.7314835,3.4076514
202000,6,-2.1843555,-4.3698773
255211,2,-9.241269,3.5668461
321457,10,-4.247602,4.0758467
401824,11,-0.99811286,-2.2477567
732674,11,-1.1116294,0.8435172
779612,11,-0.007483124,-2.4323676
1048845,10,-1.4032807,-3.377964
1054894,11,-3.901766,4.5724173
1089894,1,-9.925566,4.095911
1263034,8,-5.6061788,4.8756747
1518448,9,-0.9049947,-3.6808264
1594385,12,0.60970235,-0.7403901
1733969,7,-5.6813912,4.9128804
1852553,7,-7.8796077,4.0949874
1857185,5,-1.9833057,1.0847105
1912555,8,-1.0152436,1.3658575
2102873,10,-4.2435856,4.1610727
2150461,11,0.49679735,-0.9709101
2185168,4,-2.7094762,1.4825562
2236006,5,-4.66045,-0.17229673
2276120,11,-0.27372307,-3.3764577
2351155,3,-3.3614259,1.0718665
2515146,12,2.5036542,-5.2784348
2546451,6,-1.3555058,1.4412919
2903205,10,-0.18751594,-3.4742875
2941767,6,-7.927935,3.763355
2955587,1,-6.202807,3.0078843
3038813,11,0.013363511,-2.4827442
3111439,1,-2.4729302,-7.8605413
3142111,1,-5.246306,0.71878916
3196430,11,0.93928653,-0.92891854
3276664,12,0.7705554,-0.7992114
3722503,2,-4.3719435,1.0105621
3736368,7,-5.6278925,4.8158684
3771406,5,-3.4621618,0.9125714
3965379,3,-3.664541,0.9856349
3967902,5,-7.781553,4.1781
4117270,7,-2.5292895,-5.3152714
4173445,5,-5.6624703,3.5735798
4242233,1,-2.546922,-7.195517
104354,5,-2.5013492,-5.0284243
357160,6,-5.0077567,3.81741
371509,7,-2.8407826,-5.2443166
412398,1,6.699074,3.6815727
522959,8,-1.5450267,-3.6277885
553493,12,0.8435203,-0.70919096
702475,6,-2.1631558,-6.5063567
756415,4,-3.665168,0.9251798
801760,2,-8.539472,3.7025678
1093498,11,8.417206,4.7295566
1156305,7,-1.6124067,-2.5805862
1386804,5,-2.5168643,0.69317627
1458245,11,0.043392297,-2.4342728
1542673,8,-1.7402639,-5.0837092
1624997,1,-10.108559,4.02716
1783810,6,-5.734876,4.146372
1803967,8,-5.672672,4.8772635
1834540,11,-1.2353095,-3.5680313
1863333,11,-3.7356708,5.7337184
2000490,2,-2.889355,-7.6283345
2075125,8,-1.2602254,-5.7099624
2083440,12,8.550322,4.073831
2101906,11,-4.0322833,4.454659
2130894,7,-2.9628925,0.32244125
2181418,11,-0.922387,-2.4691858
2217981,6,-1.7638724,-2.174394
134893,7,-2.6869037,-5.381953
339228,2,-2.941396,-5.2584147
5725,2,-6.688772,0.36508
134085,10,-1.1891255,-5.4495697
149007,1,-3.693951,1.2488102
167187,1,-9.457989,4.580229
313159,4,-2.3213625,-6.436042
343430,4,-5.7211065,0.11465856
385916,12,-3.5954783,5.1642556
453146,5,-2.830233,1.0097246
467988,7,-2.7371528,0.73888427
701907,9,0.92419004,-5.3857756
730334,12,-3.5261202,5.2668724
748940,12,-2.313503,5.595605
756819,6,-2.736361,-3.650651
958989,11,-0.47203675,1.4610043
1120231,2,-5.313976,0.66841507
1296014,3,-6.0262814,0.13925827
1417521,11,10.102194,3.9317338
1518282,3,-9.943136,4.25697
1559030,4,-2.384725,-5.003192
1612986,9,-2.4570222,-3.517674
1939773,9,-5.7527456,4.9335036
2019438,3,-4.2956553,0.91984963
2457742,2,-2.9802642,-7.3577256
2517975,1,-9.959641,4.0438104
2589722,5,-3.558132,0.66671294
2615663,10,-1.6133019,0.19129743
2684846,3,-2.8349342,1.5925398
2772324,1,-6.680213,0.29644626
2800380,1,-3.4069006,1.4357203
2955735,5,-1.6154493,1.3520284
3119981,10,0.5083865,-1.3923157
3301347,12,0.576745,-4.246889
3372674,5,-6.23801,3.1192656
3510124,1,-3.5173304,-6.810761
3586558,11,-1.045203,-3.0903492
3678707,3,-3.6355343,0.96816534
3709598,8,-4.8422794,3.9607449
3826853,8,-1.400697,1.2686753
3987890,1,-2.7783012,-7.001108
4039864,11,-5.693632,4.3452783
4180152,11,-3.6292934,5.207843
4223627,2,-5.37063,0.16406323
4293639,2,-2.3788452,-6.7465477
4513588,8,-8.358755,4.023977
4592337,11,-1.0070512,-2.708116
4609625,12,0.7086821,-0.62798214
4644310,12,8.408266,4.8236403
4652026,4,-4.783836,4.0055685
4663388,9,-0.78212607,-3.7687473
4731823,4,-3.17819,0.59621996
4785408,4,-2.773874,1.295497
4805443,1,-9.510417,3.7170813
4915471,4,-7.979362,4.084965
4919564,11,-3.8276973,4.508213
5148160,4,-3.889203,0.6965576
5253579,11,0.03962263,-2.4887924
5316348,8,-3.0408885,0.057056483
5382784,6,-2.4979777,-2.323314
5467808,1,-5.6463428,0.66253614
5559984,1,6.757313,3.736174
5560809,6,-2.4856827,-2.2196062
5704940,1,-3.1198397,1.3952883
5732973,1,-2.5314252,-7.7753477
5770794,10,-0.24684079,-2.5641372
5861545,3,-6.1457696,6.6475315
6422405,7,-7.33032,3.418542
6491798,6,-2.7479608,-4.882546
6547596,7,-5.66547,4.421056
6559222,2,-5.59359,0.77489966
6608263,11,0.8679896,-0.9025234
6610408,6,-8.976879,3.9914858
6636111,2,-2.8170319,-7.503955
6717040,4,-8.106282,4.167373
6879083,8,-0.24588092,-2.4162254
6910759,6,-2.9860091,-6.1693115
6970308,12,-2.3198643,5.635458
6998468,11,-1.4712309,0.24308668
7009349,5,-1.6420467,-3.5051892
7143849,2,-3.2429202,-6.243169
7178749,12,-3.55953,5.262689
7201526,12,9.332559,4.2615385
7300343,11,-3.5326858,5.2803516
7308463,12,-0.15142357,-2.7782989
7313027,7,-1.6014322,1.0933081
7329159,6,-2.121708,-6.158025
7376514,12,-3.5112083,5.267205
7446419,10,-0.96291465,0.8912208
7556661,11,-3.8296506,4.7335896
7558027,11,-5.706721,4.623586
8054692,4,-5.372713,0.068776846
8055916,12,0.10488185,-2.8969402
8063421,1,6.964477,3.8656375
8155433,5,-3.0068972,-4.0403295
8169421,11,-0.26046008,-2.6397808
76205,3,-9.78663,4.162568
291852,12,-2.3704991,5.6603208
298047,12,0.18034136,-2.4410226
384815,2,-9.793639,4.0741024
408841,7,-7.260078,3.189339
419877,11,-5.774784,4.14219
472324,11,0.93503517,-5.359527
492385,5,-7.0692873,3.699586
677598,2,-2.654023,-7.2770495
717847,6,-3.541413,0.4440549
727401,8,-0.71101326,1.4196788
739695,5,-2.4825249,-5.56909
820540,1,-5.887927,0.6379284
1194354,7,-5.8594337,4.1557484
1218664,10,-1.5333127,0.30740505
1446437,7,-0.8718112,-3.7136464
1484180,3,-1.6960413,1.4414625
1537894,1,6.7491937,3.7251136
1585894,12,-3.6475723,5.2949605
1649574,6,-4.2440176,-0.04781103
1729515,10,0.30005556,-2.3055813
1763890,9,-0.8725453,1.2299904
1781036,5,-6.423835,4.037392
1834634,10,-4.1743097,4.071933
2124699,1,6.714934,3.7775974
2210944,6,-5.438462,3.4070613
2228630,9,-5.560235,4.7631435
2284269,8,-2.4674673,0.2446261
2410932,1,3.3866286,-3.3716695
2575915,12,9.017876,4.8056374
2628159,1,6.758218,3.7269874
2975742,1,1.6035006,-3.2725046
3267042,2,-6.6767445,0.77015865
3298248,10,-1.3031865,-3.7580256
3508342,1,-2.9927928,-6.3124933
3563239,5,-4.684975,0.14158125
3581315,6,-1.701695,1.2910442
3641944,8,-0.55364,-3.4780612
3686226,5,-2.928676,0.883802
3757557,12,-0.1136462,-3.056055
3817214,4,-2.9272218,-7.5301995
4033095,12,-3.6492918,5.0736084
4082717,8,-5.521739,4.9166164
4085176,11,0.017390378,-2.3717482
4218215,3,-2.7379193,-7.366264
4269014,3,-7.694114,4.1118536
4457648,12,0.70732176,-0.8269831
4564222,12,-2.294866,5.6618977
4656445,1,6.9111104,3.8010886
4656717,10,-0.97584444,-3.7323556
4672149,4,-2.3619452,1.552193
4688802,8,-7.0853353,3.8511107
4705702,6,-1.1117727,1.374931
4709983,3,-2.0324845,-2.9955926
4790121,12,9.098114,5.1490335
4946248,12,8.742703,4.932474
4957784,11,-5.746905,3.7509482
5043900,12,-3.828362,4.705948
5065808,8,-2.037327,-4.997273
5178572,5,-2.3616939,-6.438806
5257006,4,-2.6569521,-5.6422634
5264257,12,-3.7801733,4.8004274
5391318,8,-2.0778453,0.27916616
5472954,2,-4.4330626,0.8974491
5608692,10,-1.8835704,-3.2209466
5634600,12,8.673575,5.010183
5747573,12,-3.4518344,5.3016934
5811786,11,0.11622986,-2.5380273
6004827,5,-2.2573054,-4.9954987
6029392,7,-2.2165847,-4.85842
6097418,4,-8.803281,3.7277994
6166895,7,-1.226841,1.2448328
6215092,4,-8.2314,4.237087
6376803,8,-7.4039006,3.7460697
6418424,1,-9.919337,4.2092185
6445939,9,-7.0113277,3.9556131
6518978,10,-3.8489366,4.5986843
6545504,12,-2.377315,5.6700106
6588790,9,-0.8918618,1.4202175
6624767,1,-4.4607077,0.9239809
6661391,11,-5.7514343,4.815374
6889781,11,-3.9746673,4.4972773
6918335,2,8.464069,4.951809
6926776,2,-5.7546396,0.6267005
6967357,4,-2.7167659,1.2714396
7124398,7,-0.9387742,-2.0245867
7143475,7,-5.816332,3.492835
7495725,2,-5.809276,2.7781556
7513805,10,0.01556437,-2.5063076
7608260,5,-5.8319697,2.7900715
7611496,4,-7.1927924,3.4205377
7633120,8,-1.8532746,-4.857499
7654736,4,-5.3203936,-0.0009211262
7882402,4,-3.3185833,-7.023944
7893434,4,-3.88083,0.647513
7968320,8,-1.9879085,-5.0025954
8019971,12,-2.389489,5.6806254
8037764,1,-3.366343,-6.939922
8105509,12,-3.6440678,5.2755404
8177540,3,-8.19075,4.330135
8244022,10,-5.694646,4.865124
8286428,6,-4.3762913,-0.2783449
8310749,12,8.593625,4.691224
8352184,4,-7.388711,3.3077748
8389687,12,8.45991,4.830289
8396610,6,-8.287732,4.0795565
8603660,12,-3.533695,4.9548397
8805309,12,1.0860895,-0.40087885
8909588,12,-2.3755257,5.6848335
8923931,7,-6.5875273,4.377521
9084077,6,-2.510367,-4.861719
9280864,4,-2.8239913,-6.111123
9485986,11,0.70122933,-0.8657452
9501514,9,-0.56731945,1.6305488
9579735,1,-2.6875427,-7.2895513
10167330,11,-1.0563216,-1.5179335
10278794,12,8.81007,5.01896
10289336,8,-2.5352073,0.14925525
10337229,5,-4.4003654,-0.030731242
10371359,2,-2.2752151,-3.1619556
10631178,12,8.712725,5.150758
10788261,1,6.873138,3.857558
